submission_id,age,assignment,comments,condition,correct1,correct2,education,experiment_duration,experiment_end_time,experiment_start_time,gender,image,languages,response,response_time
65,30,2,Ich grüße alle meine Fans!,1,B,A,Graduated College,470731,1648642275911,1648641805180,male,images/e13_1917-766.7.jpg,German,A,4226
65,30,2,Ich grüße alle meine Fans!,1,A,B,Graduated College,470731,1648642275911,1648641805180,male,images/e09_1917-233.3.jpg,German,A,2754
65,30,2,Ich grüße alle meine Fans!,1,B,A,Graduated College,470731,1648642275911,1648641805180,male,images/e13_1917-766.7.jpg,German,B,3049
65,30,2,Ich grüße alle meine Fans!,1,A,B,Graduated College,470731,1648642275911,1648641805180,male,images/e41_3583-766.7.jpg,German,A,5577
65,30,2,Ich grüße alle meine Fans!,1,B,A,Graduated College,470731,1648642275911,1648641805180,male,images/e07_1500-900.jpg,German,A,2693
65,30,2,Ich grüße alle meine Fans!,1,A,B,Graduated College,470731,1648642275911,1648641805180,male,images/e49_4000-900.jpg,German,B,1699
65,30,2,Ich grüße alle meine Fans!,1,A,B,Graduated College,470731,1648642275911,1648641805180,male,images/e01_1500-100.jpg,German,B,2083
65,30,2,Ich grüße alle meine Fans!,1,B,A,Graduated College,470731,1648642275911,1648641805180,male,images/e07_1500-900.jpg,German,A,1792
65,30,2,Ich grüße alle meine Fans!,1,B,A,Graduated College,470731,1648642275911,1648641805180,male,images/e13_1917-766.7.jpg,German,B,3125
65,30,2,Ich grüße alle meine Fans!,1,A,B,Graduated College,470731,1648642275911,1648641805180,male,images/e09_1917-233.3.jpg,German,B,1839
65,30,2,Ich grüße alle meine Fans!,1,B,A,Graduated College,470731,1648642275911,1648641805180,male,images/e13_1917-766.7.jpg,German,A,2627
65,30,2,Ich grüße alle meine Fans!,1,A,B,Graduated College,470731,1648642275911,1648641805180,male,images/e41_3583-766.7.jpg,German,B,1608
65,30,2,Ich grüße alle meine Fans!,1,B,A,Graduated College,470731,1648642275911,1648641805180,male,images/e07_1500-900.jpg,German,A,1603
65,30,2,Ich grüße alle meine Fans!,1,A,B,Graduated College,470731,1648642275911,1648641805180,male,images/e49_4000-900.jpg,German,A,2698
65,30,2,Ich grüße alle meine Fans!,1,A,B,Graduated College,470731,1648642275911,1648641805180,male,images/e01_1500-100.jpg,German,B,1536
65,30,2,Ich grüße alle meine Fans!,1,B,A,Graduated College,470731,1648642275911,1648641805180,male,images/e07_1500-900.jpg,German,A,1379
65,30,2,Ich grüße alle meine Fans!,1,B,A,Graduated College,470731,1648642275911,1648641805180,male,images/e13_1917-766.7.jpg,German,B,1712
65,30,2,Ich grüße alle meine Fans!,1,A,B,Graduated College,470731,1648642275911,1648641805180,male,images/e09_1917-233.3.jpg,German,B,1504
65,30,2,Ich grüße alle meine Fans!,1,B,A,Graduated College,470731,1648642275911,1648641805180,male,images/e13_1917-766.7.jpg,German,A,2415
65,30,2,Ich grüße alle meine Fans!,1,A,B,Graduated College,470731,1648642275911,1648641805180,male,images/e41_3583-766.7.jpg,German,A,2267
65,30,2,Ich grüße alle meine Fans!,1,B,A,Graduated College,470731,1648642275911,1648641805180,male,images/e07_1500-900.jpg,German,A,1277
65,30,2,Ich grüße alle meine Fans!,1,A,B,Graduated College,470731,1648642275911,1648641805180,male,images/e49_4000-900.jpg,German,B,1539
65,30,2,Ich grüße alle meine Fans!,1,A,B,Graduated College,470731,1648642275911,1648641805180,male,images/e01_1500-100.jpg,German,B,1476
65,30,2,Ich grüße alle meine Fans!,1,B,A,Graduated College,470731,1648642275911,1648641805180,male,images/e07_1500-900.jpg,German,A,1139
65,30,2,Ich grüße alle meine Fans!,1,B,A,Graduated College,470731,1648642275911,1648641805180,male,images/e13_1917-766.7.jpg,German,B,1553
65,30,2,Ich grüße alle meine Fans!,1,A,B,Graduated College,470731,1648642275911,1648641805180,male,images/e09_1917-233.3.jpg,German,B,1389
65,30,2,Ich grüße alle meine Fans!,1,B,A,Graduated College,470731,1648642275911,1648641805180,male,images/e13_1917-766.7.jpg,German,A,1477
65,30,2,Ich grüße alle meine Fans!,1,A,B,Graduated College,470731,1648642275911,1648641805180,male,images/e41_3583-766.7.jpg,German,A,2923
65,30,2,Ich grüße alle meine Fans!,1,B,A,Graduated College,470731,1648642275911,1648641805180,male,images/e07_1500-900.jpg,German,A,1339
65,30,2,Ich grüße alle meine Fans!,1,A,B,Graduated College,470731,1648642275911,1648641805180,male,images/e49_4000-900.jpg,German,B,1829
65,30,2,Ich grüße alle meine Fans!,1,A,B,Graduated College,470731,1648642275911,1648641805180,male,images/e01_1500-100.jpg,German,B,1763
65,30,2,Ich grüße alle meine Fans!,1,B,A,Graduated College,470731,1648642275911,1648641805180,male,images/e07_1500-900.jpg,German,A,1730
65,30,2,Ich grüße alle meine Fans!,1,B,A,Graduated College,470731,1648642275911,1648641805180,male,images/e13_1917-766.7.jpg,German,A,3091
65,30,2,Ich grüße alle meine Fans!,1,A,B,Graduated College,470731,1648642275911,1648641805180,male,images/e09_1917-233.3.jpg,German,B,1702
65,30,2,Ich grüße alle meine Fans!,1,B,A,Graduated College,470731,1648642275911,1648641805180,male,images/e13_1917-766.7.jpg,German,A,1668
65,30,2,Ich grüße alle meine Fans!,1,A,B,Graduated College,470731,1648642275911,1648641805180,male,images/e41_3583-766.7.jpg,German,A,1749
65,30,2,Ich grüße alle meine Fans!,1,B,A,Graduated College,470731,1648642275911,1648641805180,male,images/e07_1500-900.jpg,German,A,1428
65,30,2,Ich grüße alle meine Fans!,1,A,B,Graduated College,470731,1648642275911,1648641805180,male,images/e49_4000-900.jpg,German,B,1378
65,30,2,Ich grüße alle meine Fans!,1,A,B,Graduated College,470731,1648642275911,1648641805180,male,images/e01_1500-100.jpg,German,B,2200
65,30,2,Ich grüße alle meine Fans!,1,B,A,Graduated College,470731,1648642275911,1648641805180,male,images/e07_1500-900.jpg,German,A,1729
65,30,2,Ich grüße alle meine Fans!,1,B,A,Graduated College,470731,1648642275911,1648641805180,male,images/e13_1917-766.7.jpg,German,B,2771
65,30,2,Ich grüße alle meine Fans!,1,A,B,Graduated College,470731,1648642275911,1648641805180,male,images/e09_1917-233.3.jpg,German,B,1316
65,30,2,Ich grüße alle meine Fans!,1,B,A,Graduated College,470731,1648642275911,1648641805180,male,images/e13_1917-766.7.jpg,German,A,1195
65,30,2,Ich grüße alle meine Fans!,1,A,B,Graduated College,470731,1648642275911,1648641805180,male,images/e41_3583-766.7.jpg,German,A,1661
65,30,2,Ich grüße alle meine Fans!,1,B,A,Graduated College,470731,1648642275911,1648641805180,male,images/e07_1500-900.jpg,German,A,1415
65,30,2,Ich grüße alle meine Fans!,1,A,B,Graduated College,470731,1648642275911,1648641805180,male,images/e49_4000-900.jpg,German,B,1133
65,30,2,Ich grüße alle meine Fans!,1,A,B,Graduated College,470731,1648642275911,1648641805180,male,images/e01_1500-100.jpg,German,B,1387
65,30,2,Ich grüße alle meine Fans!,1,B,A,Graduated College,470731,1648642275911,1648641805180,male,images/e07_1500-900.jpg,German,A,1470
65,30,2,Ich grüße alle meine Fans!,1,B,A,Graduated College,470731,1648642275911,1648641805180,male,images/e13_1917-766.7.jpg,German,B,3564
65,30,2,Ich grüße alle meine Fans!,1,A,B,Graduated College,470731,1648642275911,1648641805180,male,images/e09_1917-233.3.jpg,German,B,1404
65,30,2,Ich grüße alle meine Fans!,1,B,A,Graduated College,470731,1648642275911,1648641805180,male,images/e13_1917-766.7.jpg,German,A,1783
65,30,2,Ich grüße alle meine Fans!,1,A,B,Graduated College,470731,1648642275911,1648641805180,male,images/e41_3583-766.7.jpg,German,B,2199
65,30,2,Ich grüße alle meine Fans!,1,B,A,Graduated College,470731,1648642275911,1648641805180,male,images/e07_1500-900.jpg,German,A,1221
65,30,2,Ich grüße alle meine Fans!,1,A,B,Graduated College,470731,1648642275911,1648641805180,male,images/e49_4000-900.jpg,German,A,1623
65,30,2,Ich grüße alle meine Fans!,1,A,B,Graduated College,470731,1648642275911,1648641805180,male,images/e01_1500-100.jpg,German,A,1531
65,30,2,Ich grüße alle meine Fans!,1,B,A,Graduated College,470731,1648642275911,1648641805180,male,images/e07_1500-900.jpg,German,A,1136
65,30,2,Ich grüße alle meine Fans!,1,B,A,Graduated College,470731,1648642275911,1648641805180,male,images/e13_1917-766.7.jpg,German,B,2083
65,30,2,Ich grüße alle meine Fans!,1,A,B,Graduated College,470731,1648642275911,1648641805180,male,images/e09_1917-233.3.jpg,German,B,1105
65,30,2,Ich grüße alle meine Fans!,1,B,A,Graduated College,470731,1648642275911,1648641805180,male,images/e13_1917-766.7.jpg,German,A,2224
65,30,2,Ich grüße alle meine Fans!,1,A,B,Graduated College,470731,1648642275911,1648641805180,male,images/e41_3583-766.7.jpg,German,B,2351
65,30,2,Ich grüße alle meine Fans!,1,B,A,Graduated College,470731,1648642275911,1648641805180,male,images/e07_1500-900.jpg,German,A,1809
65,30,2,Ich grüße alle meine Fans!,1,A,B,Graduated College,470731,1648642275911,1648641805180,male,images/e49_4000-900.jpg,German,A,2720
65,30,2,Ich grüße alle meine Fans!,1,A,B,Graduated College,470731,1648642275911,1648641805180,male,images/e01_1500-100.jpg,German,B,2091
65,30,2,Ich grüße alle meine Fans!,1,B,A,Graduated College,470731,1648642275911,1648641805180,male,images/e07_1500-900.jpg,German,A,1915
65,30,2,Ich grüße alle meine Fans!,1,B,A,Graduated College,470731,1648642275911,1648641805180,male,images/e13_1917-766.7.jpg,German,B,1944
65,30,2,Ich grüße alle meine Fans!,1,A,B,Graduated College,470731,1648642275911,1648641805180,male,images/e09_1917-233.3.jpg,German,B,1267
65,30,2,Ich grüße alle meine Fans!,1,B,A,Graduated College,470731,1648642275911,1648641805180,male,images/e13_1917-766.7.jpg,German,A,2048
65,30,2,Ich grüße alle meine Fans!,1,A,B,Graduated College,470731,1648642275911,1648641805180,male,images/e41_3583-766.7.jpg,German,A,2672
65,30,2,Ich grüße alle meine Fans!,1,B,A,Graduated College,470731,1648642275911,1648641805180,male,images/e07_1500-900.jpg,German,A,1258
65,30,2,Ich grüße alle meine Fans!,1,A,B,Graduated College,470731,1648642275911,1648641805180,male,images/e49_4000-900.jpg,German,B,2914
65,30,2,Ich grüße alle meine Fans!,1,A,B,Graduated College,470731,1648642275911,1648641805180,male,images/e01_1500-100.jpg,German,B,1400
65,30,2,Ich grüße alle meine Fans!,1,B,A,Graduated College,470731,1648642275911,1648641805180,male,images/e07_1500-900.jpg,German,A,1413
65,30,2,Ich grüße alle meine Fans!,1,B,A,Graduated College,470731,1648642275911,1648641805180,male,images/e13_1917-766.7.jpg,German,A,5384
65,30,2,Ich grüße alle meine Fans!,1,A,B,Graduated College,470731,1648642275911,1648641805180,male,images/e09_1917-233.3.jpg,German,B,1261
65,30,2,Ich grüße alle meine Fans!,1,B,A,Graduated College,470731,1648642275911,1648641805180,male,images/e13_1917-766.7.jpg,German,A,1621
65,30,2,Ich grüße alle meine Fans!,1,A,B,Graduated College,470731,1648642275911,1648641805180,male,images/e41_3583-766.7.jpg,German,B,3099
65,30,2,Ich grüße alle meine Fans!,1,B,A,Graduated College,470731,1648642275911,1648641805180,male,images/e07_1500-900.jpg,German,A,1671
65,30,2,Ich grüße alle meine Fans!,1,A,B,Graduated College,470731,1648642275911,1648641805180,male,images/e49_4000-900.jpg,German,A,2252
65,30,2,Ich grüße alle meine Fans!,1,A,B,Graduated College,470731,1648642275911,1648641805180,male,images/e01_1500-100.jpg,German,B,3616
65,30,2,Ich grüße alle meine Fans!,1,B,A,Graduated College,470731,1648642275911,1648641805180,male,images/e07_1500-900.jpg,German,A,2557
65,30,2,Ich grüße alle meine Fans!,1,B,A,Graduated College,470731,1648642275911,1648641805180,male,images/e13_1917-766.7.jpg,German,B,3181
65,30,2,Ich grüße alle meine Fans!,1,A,B,Graduated College,470731,1648642275911,1648641805180,male,images/e09_1917-233.3.jpg,German,A,1433
65,30,2,Ich grüße alle meine Fans!,1,B,A,Graduated College,470731,1648642275911,1648641805180,male,images/e13_1917-766.7.jpg,German,B,2147
65,30,2,Ich grüße alle meine Fans!,1,A,B,Graduated College,470731,1648642275911,1648641805180,male,images/e41_3583-766.7.jpg,German,B,1894
65,30,2,Ich grüße alle meine Fans!,1,B,A,Graduated College,470731,1648642275911,1648641805180,male,images/e07_1500-900.jpg,German,A,1318
65,30,2,Ich grüße alle meine Fans!,1,A,B,Graduated College,470731,1648642275911,1648641805180,male,images/e49_4000-900.jpg,German,A,2758
65,30,2,Ich grüße alle meine Fans!,1,A,B,Graduated College,470731,1648642275911,1648641805180,male,images/e01_1500-100.jpg,German,B,1347
65,30,2,Ich grüße alle meine Fans!,1,B,A,Graduated College,470731,1648642275911,1648641805180,male,images/e07_1500-900.jpg,German,A,1365
65,30,2,Ich grüße alle meine Fans!,1,B,A,Graduated College,470731,1648642275911,1648641805180,male,images/e13_1917-766.7.jpg,German,A,2382
65,30,2,Ich grüße alle meine Fans!,1,A,B,Graduated College,470731,1648642275911,1648641805180,male,images/e09_1917-233.3.jpg,German,B,1211
65,30,2,Ich grüße alle meine Fans!,1,B,A,Graduated College,470731,1648642275911,1648641805180,male,images/e13_1917-766.7.jpg,German,A,1496
65,30,2,Ich grüße alle meine Fans!,1,A,B,Graduated College,470731,1648642275911,1648641805180,male,images/e41_3583-766.7.jpg,German,B,1740
65,30,2,Ich grüße alle meine Fans!,1,B,A,Graduated College,470731,1648642275911,1648641805180,male,images/e07_1500-900.jpg,German,A,1395
65,30,2,Ich grüße alle meine Fans!,1,A,B,Graduated College,470731,1648642275911,1648641805180,male,images/e49_4000-900.jpg,German,B,1519
65,30,2,Ich grüße alle meine Fans!,1,A,B,Graduated College,470731,1648642275911,1648641805180,male,images/e01_1500-100.jpg,German,B,1656
65,30,2,Ich grüße alle meine Fans!,1,B,A,Graduated College,470731,1648642275911,1648641805180,male,images/e07_1500-900.jpg,German,A,1525
65,30,2,Ich grüße alle meine Fans!,1,NA,NA,Graduated College,470731,1648642275911,1648641805180,male,images/e29_3167-100.jpg,German,A,3771
65,30,2,Ich grüße alle meine Fans!,1,NA,NA,Graduated College,470731,1648642275911,1648641805180,male,images/e14_1917-900.jpg,German,A,1558
65,30,2,Ich grüße alle meine Fans!,1,NA,NA,Graduated College,470731,1648642275911,1648641805180,male,images/e05_1500-633.3.jpg,German,B,1762
65,30,2,Ich grüße alle meine Fans!,1,NA,NA,Graduated College,470731,1648642275911,1648641805180,male,images/e36_3583-100.jpg,German,B,2313
65,30,2,Ich grüße alle meine Fans!,1,NA,NA,Graduated College,470731,1648642275911,1648641805180,male,images/e24_2750-366.7.jpg,German,B,3719
65,30,2,Ich grüße alle meine Fans!,1,NA,NA,Graduated College,470731,1648642275911,1648641805180,male,images/e15_2333-100.jpg,German,B,1234
65,30,2,Ich grüße alle meine Fans!,1,NA,NA,Graduated College,470731,1648642275911,1648641805180,male,images/e23_2750-233.3.jpg,German,B,1582
65,30,2,Ich grüße alle meine Fans!,1,NA,NA,Graduated College,470731,1648642275911,1648641805180,male,images/e27_2750-766.7.jpg,German,A,2964
65,30,2,Ich grüße alle meine Fans!,1,NA,NA,Graduated College,470731,1648642275911,1648641805180,male,images/e34_3167-766.7.jpg,German,B,2176
65,30,2,Ich grüße alle meine Fans!,1,NA,NA,Graduated College,470731,1648642275911,1648641805180,male,images/e17_2333-366.7.jpg,German,B,2530
65,30,2,Ich grüße alle meine Fans!,1,NA,NA,Graduated College,470731,1648642275911,1648641805180,male,images/e12_1917-633.3.jpg,German,A,2477
65,30,2,Ich grüße alle meine Fans!,1,NA,NA,Graduated College,470731,1648642275911,1648641805180,male,images/e18_2333-500.jpg,German,B,2183
65,30,2,Ich grüße alle meine Fans!,1,NA,NA,Graduated College,470731,1648642275911,1648641805180,male,images/e07_1500-900.jpg,German,A,1197
65,30,2,Ich grüße alle meine Fans!,1,NA,NA,Graduated College,470731,1648642275911,1648641805180,male,images/e41_3583-766.7.jpg,German,B,2442
65,30,2,Ich grüße alle meine Fans!,1,NA,NA,Graduated College,470731,1648642275911,1648641805180,male,images/e46_4000-500.jpg,German,A,4127
65,30,2,Ich grüße alle meine Fans!,1,NA,NA,Graduated College,470731,1648642275911,1648641805180,male,images/e16_2333-233.3.jpg,German,B,1476
65,30,2,Ich grüße alle meine Fans!,1,NA,NA,Graduated College,470731,1648642275911,1648641805180,male,images/e20_2333-766.7.jpg,German,A,2866
65,30,2,Ich grüße alle meine Fans!,1,NA,NA,Graduated College,470731,1648642275911,1648641805180,male,images/e02_1500-233.3.jpg,German,B,1349
65,30,2,Ich grüße alle meine Fans!,1,NA,NA,Graduated College,470731,1648642275911,1648641805180,male,images/e39_3583-500.jpg,German,A,2358
65,30,2,Ich grüße alle meine Fans!,1,NA,NA,Graduated College,470731,1648642275911,1648641805180,male,images/e01_1500-100.jpg,German,B,1091
65,30,2,Ich grüße alle meine Fans!,1,NA,NA,Graduated College,470731,1648642275911,1648641805180,male,images/e30_3167-233.3.jpg,German,B,1069
65,30,2,Ich grüße alle meine Fans!,1,NA,NA,Graduated College,470731,1648642275911,1648641805180,male,images/e04_1500-500.jpg,German,A,2072
65,30,2,Ich grüße alle meine Fans!,1,NA,NA,Graduated College,470731,1648642275911,1648641805180,male,images/e38_3583-366.7.jpg,German,B,2027
65,30,2,Ich grüße alle meine Fans!,1,NA,NA,Graduated College,470731,1648642275911,1648641805180,male,images/e37_3583-233.3.jpg,German,B,2523
65,30,2,Ich grüße alle meine Fans!,1,NA,NA,Graduated College,470731,1648642275911,1648641805180,male,images/e44_4000-233.3.jpg,German,B,1287
65,30,2,Ich grüße alle meine Fans!,1,NA,NA,Graduated College,470731,1648642275911,1648641805180,male,images/e48_4000-766.7.jpg,German,A,1358
65,30,2,Ich grüße alle meine Fans!,1,NA,NA,Graduated College,470731,1648642275911,1648641805180,male,images/e43_4000-100.jpg,German,B,1132
65,30,2,Ich grüße alle meine Fans!,1,NA,NA,Graduated College,470731,1648642275911,1648641805180,male,images/e42_3583-900.jpg,German,A,1191
65,30,2,Ich grüße alle meine Fans!,1,NA,NA,Graduated College,470731,1648642275911,1648641805180,male,images/e13_1917-766.7.jpg,German,A,1686
65,30,2,Ich grüße alle meine Fans!,1,NA,NA,Graduated College,470731,1648642275911,1648641805180,male,images/e35_3167-900.jpg,German,B,7141
65,30,2,Ich grüße alle meine Fans!,1,NA,NA,Graduated College,470731,1648642275911,1648641805180,male,images/e11_1917-500.jpg,German,B,25373
65,30,2,Ich grüße alle meine Fans!,1,NA,NA,Graduated College,470731,1648642275911,1648641805180,male,images/e10_1917-366.7.jpg,German,B,1220
65,30,2,Ich grüße alle meine Fans!,1,NA,NA,Graduated College,470731,1648642275911,1648641805180,male,images/e32_3167-500.jpg,German,A,2144
65,30,2,Ich grüße alle meine Fans!,1,NA,NA,Graduated College,470731,1648642275911,1648641805180,male,images/e08_1917-100.jpg,German,B,1574
65,30,2,Ich grüße alle meine Fans!,1,NA,NA,Graduated College,470731,1648642275911,1648641805180,male,images/e21_2333-900.jpg,German,A,1457
65,30,2,Ich grüße alle meine Fans!,1,NA,NA,Graduated College,470731,1648642275911,1648641805180,male,images/e33_3167-633.3.jpg,German,B,2628
65,30,2,Ich grüße alle meine Fans!,1,NA,NA,Graduated College,470731,1648642275911,1648641805180,male,images/e19_2333-633.3.jpg,German,B,2531
65,30,2,Ich grüße alle meine Fans!,1,NA,NA,Graduated College,470731,1648642275911,1648641805180,male,images/e28_2750-900.jpg,German,A,1116
65,30,2,Ich grüße alle meine Fans!,1,NA,NA,Graduated College,470731,1648642275911,1648641805180,male,images/e45_4000-366.7.jpg,German,B,1842
65,30,2,Ich grüße alle meine Fans!,1,NA,NA,Graduated College,470731,1648642275911,1648641805180,male,images/e49_4000-900.jpg,German,A,1502
65,30,2,Ich grüße alle meine Fans!,1,NA,NA,Graduated College,470731,1648642275911,1648641805180,male,images/e47_4000-633.3.jpg,German,B,1801
65,30,2,Ich grüße alle meine Fans!,1,NA,NA,Graduated College,470731,1648642275911,1648641805180,male,images/e22_2750-100.jpg,German,A,1519
65,30,2,Ich grüße alle meine Fans!,1,NA,NA,Graduated College,470731,1648642275911,1648641805180,male,images/e26_2750-633.3.jpg,German,A,1557
65,30,2,Ich grüße alle meine Fans!,1,NA,NA,Graduated College,470731,1648642275911,1648641805180,male,images/e31_3167-366.7.jpg,German,B,1442
65,30,2,Ich grüße alle meine Fans!,1,NA,NA,Graduated College,470731,1648642275911,1648641805180,male,images/e25_2750-500.jpg,German,B,1923
65,30,2,Ich grüße alle meine Fans!,1,NA,NA,Graduated College,470731,1648642275911,1648641805180,male,images/e06_1500-766.7.jpg,German,A,1019
65,30,2,Ich grüße alle meine Fans!,1,NA,NA,Graduated College,470731,1648642275911,1648641805180,male,images/e40_3583-633.3.jpg,German,A,1186
65,30,2,Ich grüße alle meine Fans!,1,NA,NA,Graduated College,470731,1648642275911,1648641805180,male,images/e09_1917-233.3.jpg,German,B,1062
65,30,2,Ich grüße alle meine Fans!,1,NA,NA,Graduated College,470731,1648642275911,1648641805180,male,images/e03_1500-366.7.jpg,German,B,2154
66,24,correct1,<3,2,B,A,,602149,1648721661566,1648721059417,,images/e13_1917-766.7.jpg,nein,A,2347
66,24,correct1,<3,2,B,A,,602149,1648721661566,1648721059417,,images/e07_1500-900.jpg,nein,A,2395
66,24,correct1,<3,2,A,B,,602149,1648721661566,1648721059417,,images/e49_4000-900.jpg,nein,B,2668
66,24,correct1,<3,2,A,B,,602149,1648721661566,1648721059417,,images/e41_3583-766.7.jpg,nein,A,1931
66,24,correct1,<3,2,B,A,,602149,1648721661566,1648721059417,,images/e13_1917-766.7.jpg,nein,B,2712
66,24,correct1,<3,2,B,A,,602149,1648721661566,1648721059417,,images/e07_1500-900.jpg,nein,B,2268
66,24,correct1,<3,2,A,B,,602149,1648721661566,1648721059417,,images/e49_4000-900.jpg,nein,A,2737
66,24,correct1,<3,2,A,B,,602149,1648721661566,1648721059417,,images/e41_3583-766.7.jpg,nein,A,1976
66,24,correct1,<3,2,B,A,,602149,1648721661566,1648721059417,,images/e13_1917-766.7.jpg,nein,B,2504
66,24,correct1,<3,2,B,A,,602149,1648721661566,1648721059417,,images/e07_1500-900.jpg,nein,B,2062
66,24,correct1,<3,2,A,B,,602149,1648721661566,1648721059417,,images/e49_4000-900.jpg,nein,A,4733
66,24,correct1,<3,2,A,B,,602149,1648721661566,1648721059417,,images/e41_3583-766.7.jpg,nein,A,2026
66,24,correct1,<3,2,B,A,,602149,1648721661566,1648721059417,,images/e13_1917-766.7.jpg,nein,B,2490
66,24,correct1,<3,2,B,A,,602149,1648721661566,1648721059417,,images/e07_1500-900.jpg,nein,B,2954
66,24,correct1,<3,2,A,B,,602149,1648721661566,1648721059417,,images/e49_4000-900.jpg,nein,A,2474
66,24,correct1,<3,2,A,B,,602149,1648721661566,1648721059417,,images/e41_3583-766.7.jpg,nein,A,2696
66,24,correct1,<3,2,A,B,,602149,1648721661566,1648721059417,,images/e09_1917-233.3.jpg,nein,B,2693
66,24,correct1,<3,2,A,B,,602149,1648721661566,1648721059417,,images/e01_1500-100.jpg,nein,A,2346
66,24,correct1,<3,2,A,B,,602149,1648721661566,1648721059417,,images/e41_3583-766.7.jpg,nein,A,2547
66,24,correct1,<3,2,B,A,,602149,1648721661566,1648721059417,,images/e13_1917-766.7.jpg,nein,B,1805
66,24,correct1,<3,2,B,A,,602149,1648721661566,1648721059417,,images/e07_1500-900.jpg,nein,A,2464
66,24,correct1,<3,2,A,B,,602149,1648721661566,1648721059417,,images/e49_4000-900.jpg,nein,A,1793
66,24,correct1,<3,2,B,A,,602149,1648721661566,1648721059417,,images/e07_1500-900.jpg,nein,B,2763
66,24,correct1,<3,2,B,A,,602149,1648721661566,1648721059417,,images/e13_1917-766.7.jpg,nein,B,2241
66,24,correct1,<3,2,A,B,,602149,1648721661566,1648721059417,,images/e09_1917-233.3.jpg,nein,A,2990
66,24,correct1,<3,2,A,B,,602149,1648721661566,1648721059417,,images/e01_1500-100.jpg,nein,A,2819
66,24,correct1,<3,2,A,B,,602149,1648721661566,1648721059417,,images/e41_3583-766.7.jpg,nein,B,6046
66,24,correct1,<3,2,B,A,,602149,1648721661566,1648721059417,,images/e13_1917-766.7.jpg,nein,B,3191
66,24,correct1,<3,2,B,A,,602149,1648721661566,1648721059417,,images/e07_1500-900.jpg,nein,B,1542
66,24,correct1,<3,2,A,B,,602149,1648721661566,1648721059417,,images/e49_4000-900.jpg,nein,A,2141
66,24,correct1,<3,2,B,A,,602149,1648721661566,1648721059417,,images/e07_1500-900.jpg,nein,B,4022
66,24,correct1,<3,2,B,A,,602149,1648721661566,1648721059417,,images/e13_1917-766.7.jpg,nein,B,2547
66,24,correct1,<3,2,A,B,,602149,1648721661566,1648721059417,,images/e09_1917-233.3.jpg,nein,A,3366
66,24,correct1,<3,2,A,B,,602149,1648721661566,1648721059417,,images/e01_1500-100.jpg,nein,A,2545
66,24,correct1,<3,2,A,B,,602149,1648721661566,1648721059417,,images/e41_3583-766.7.jpg,nein,A,2858
66,24,correct1,<3,2,B,A,,602149,1648721661566,1648721059417,,images/e13_1917-766.7.jpg,nein,B,5638
66,24,correct1,<3,2,B,A,,602149,1648721661566,1648721059417,,images/e07_1500-900.jpg,nein,B,2042
66,24,correct1,<3,2,A,B,,602149,1648721661566,1648721059417,,images/e49_4000-900.jpg,nein,A,1719
66,24,correct1,<3,2,B,A,,602149,1648721661566,1648721059417,,images/e07_1500-900.jpg,nein,B,2025
66,24,correct1,<3,2,B,A,,602149,1648721661566,1648721059417,,images/e13_1917-766.7.jpg,nein,B,2203
66,24,correct1,<3,2,A,B,,602149,1648721661566,1648721059417,,images/e09_1917-233.3.jpg,nein,A,1892
66,24,correct1,<3,2,A,B,,602149,1648721661566,1648721059417,,images/e01_1500-100.jpg,nein,A,2102
66,24,correct1,<3,2,A,B,,602149,1648721661566,1648721059417,,images/e41_3583-766.7.jpg,nein,B,2912
66,24,correct1,<3,2,B,A,,602149,1648721661566,1648721059417,,images/e13_1917-766.7.jpg,nein,A,2628
66,24,correct1,<3,2,B,A,,602149,1648721661566,1648721059417,,images/e07_1500-900.jpg,nein,A,75063
66,24,correct1,<3,2,A,B,,602149,1648721661566,1648721059417,,images/e49_4000-900.jpg,nein,A,1920
66,24,correct1,<3,2,B,A,,602149,1648721661566,1648721059417,,images/e07_1500-900.jpg,nein,B,2254
66,24,correct1,<3,2,B,A,,602149,1648721661566,1648721059417,,images/e13_1917-766.7.jpg,nein,B,2855
66,24,correct1,<3,2,A,B,,602149,1648721661566,1648721059417,,images/e09_1917-233.3.jpg,nein,A,2747
66,24,correct1,<3,2,A,B,,602149,1648721661566,1648721059417,,images/e01_1500-100.jpg,nein,A,2938
66,24,correct1,<3,2,A,B,,602149,1648721661566,1648721059417,,images/e41_3583-766.7.jpg,nein,B,2593
66,24,correct1,<3,2,B,A,,602149,1648721661566,1648721059417,,images/e13_1917-766.7.jpg,nein,B,3344
66,24,correct1,<3,2,B,A,,602149,1648721661566,1648721059417,,images/e07_1500-900.jpg,nein,B,2025
66,24,correct1,<3,2,A,B,,602149,1648721661566,1648721059417,,images/e49_4000-900.jpg,nein,A,2655
66,24,correct1,<3,2,B,A,,602149,1648721661566,1648721059417,,images/e07_1500-900.jpg,nein,A,2659
66,24,correct1,<3,2,B,A,,602149,1648721661566,1648721059417,,images/e13_1917-766.7.jpg,nein,B,1889
66,24,correct1,<3,2,A,B,,602149,1648721661566,1648721059417,,images/e09_1917-233.3.jpg,nein,A,3315
66,24,correct1,<3,2,A,B,,602149,1648721661566,1648721059417,,images/e01_1500-100.jpg,nein,A,1916
66,24,correct1,<3,2,A,B,,602149,1648721661566,1648721059417,,images/e41_3583-766.7.jpg,nein,B,1826
66,24,correct1,<3,2,B,A,,602149,1648721661566,1648721059417,,images/e13_1917-766.7.jpg,nein,A,4158
66,24,correct1,<3,2,B,A,,602149,1648721661566,1648721059417,,images/e07_1500-900.jpg,nein,B,2339
66,24,correct1,<3,2,A,B,,602149,1648721661566,1648721059417,,images/e49_4000-900.jpg,nein,A,3787
66,24,correct1,<3,2,B,A,,602149,1648721661566,1648721059417,,images/e07_1500-900.jpg,nein,B,2566
66,24,correct1,<3,2,B,A,,602149,1648721661566,1648721059417,,images/e13_1917-766.7.jpg,nein,B,2603
66,24,correct1,<3,2,A,B,,602149,1648721661566,1648721059417,,images/e09_1917-233.3.jpg,nein,A,3129
66,24,correct1,<3,2,A,B,,602149,1648721661566,1648721059417,,images/e01_1500-100.jpg,nein,A,1517
66,24,correct1,<3,2,A,B,,602149,1648721661566,1648721059417,,images/e41_3583-766.7.jpg,nein,A,3132
66,24,correct1,<3,2,B,A,,602149,1648721661566,1648721059417,,images/e13_1917-766.7.jpg,nein,A,2470
66,24,correct1,<3,2,B,A,,602149,1648721661566,1648721059417,,images/e07_1500-900.jpg,nein,B,3364
66,24,correct1,<3,2,A,B,,602149,1648721661566,1648721059417,,images/e49_4000-900.jpg,nein,A,2517
66,24,correct1,<3,2,B,A,,602149,1648721661566,1648721059417,,images/e07_1500-900.jpg,nein,B,4171
66,24,correct1,<3,2,B,A,,602149,1648721661566,1648721059417,,images/e13_1917-766.7.jpg,nein,B,3007
66,24,correct1,<3,2,A,B,,602149,1648721661566,1648721059417,,images/e09_1917-233.3.jpg,nein,A,2324
66,24,correct1,<3,2,A,B,,602149,1648721661566,1648721059417,,images/e01_1500-100.jpg,nein,A,1537
66,24,correct1,<3,2,A,B,,602149,1648721661566,1648721059417,,images/e41_3583-766.7.jpg,nein,B,2241
66,24,correct1,<3,2,B,A,,602149,1648721661566,1648721059417,,images/e13_1917-766.7.jpg,nein,B,3059
66,24,correct1,<3,2,B,A,,602149,1648721661566,1648721059417,,images/e07_1500-900.jpg,nein,B,3737
66,24,correct1,<3,2,A,B,,602149,1648721661566,1648721059417,,images/e49_4000-900.jpg,nein,A,3482
66,24,correct1,<3,2,B,A,,602149,1648721661566,1648721059417,,images/e07_1500-900.jpg,nein,B,2484
66,24,correct1,<3,2,B,A,,602149,1648721661566,1648721059417,,images/e13_1917-766.7.jpg,nein,B,1916
66,24,correct1,<3,2,A,B,,602149,1648721661566,1648721059417,,images/e09_1917-233.3.jpg,nein,A,4716
66,24,correct1,<3,2,A,B,,602149,1648721661566,1648721059417,,images/e01_1500-100.jpg,nein,A,2133
66,24,correct1,<3,2,A,B,,602149,1648721661566,1648721059417,,images/e41_3583-766.7.jpg,nein,A,3254
66,24,correct1,<3,2,B,A,,602149,1648721661566,1648721059417,,images/e13_1917-766.7.jpg,nein,A,2457
66,24,correct1,<3,2,B,A,,602149,1648721661566,1648721059417,,images/e07_1500-900.jpg,nein,B,2630
66,24,correct1,<3,2,A,B,,602149,1648721661566,1648721059417,,images/e49_4000-900.jpg,nein,A,1819
66,24,correct1,<3,2,B,A,,602149,1648721661566,1648721059417,,images/e07_1500-900.jpg,nein,B,4634
66,24,correct1,<3,2,B,A,,602149,1648721661566,1648721059417,,images/e13_1917-766.7.jpg,nein,B,5307
66,24,correct1,<3,2,A,B,,602149,1648721661566,1648721059417,,images/e09_1917-233.3.jpg,nein,A,1500
66,24,correct1,<3,2,A,B,,602149,1648721661566,1648721059417,,images/e01_1500-100.jpg,nein,A,1801
66,24,correct1,<3,2,A,B,,602149,1648721661566,1648721059417,,images/e41_3583-766.7.jpg,nein,B,2264
66,24,correct1,<3,2,B,A,,602149,1648721661566,1648721059417,,images/e13_1917-766.7.jpg,nein,B,2467
66,24,correct1,<3,2,B,A,,602149,1648721661566,1648721059417,,images/e07_1500-900.jpg,nein,B,1709
66,24,correct1,<3,2,A,B,,602149,1648721661566,1648721059417,,images/e49_4000-900.jpg,nein,A,5314
66,24,correct1,<3,2,B,A,,602149,1648721661566,1648721059417,,images/e07_1500-900.jpg,nein,B,2061
66,24,correct1,<3,2,B,A,,602149,1648721661566,1648721059417,,images/e13_1917-766.7.jpg,nein,B,2008
66,24,correct1,<3,2,NA,NA,,602149,1648721661566,1648721059417,,images/e10_1917-366.7.jpg,nein,A,3652
66,24,correct1,<3,2,NA,NA,,602149,1648721661566,1648721059417,,images/e37_3583-233.3.jpg,nein,B,5090
66,24,correct1,<3,2,NA,NA,,602149,1648721661566,1648721059417,,images/e11_1917-500.jpg,nein,A,2638
66,24,correct1,<3,2,NA,NA,,602149,1648721661566,1648721059417,,images/e26_2750-633.3.jpg,nein,A,5388
66,24,correct1,<3,2,NA,NA,,602149,1648721661566,1648721059417,,images/e39_3583-500.jpg,nein,A,2545
66,24,correct1,<3,2,NA,NA,,602149,1648721661566,1648721059417,,images/e22_2750-100.jpg,nein,B,3493
66,24,correct1,<3,2,NA,NA,,602149,1648721661566,1648721059417,,images/e20_2333-766.7.jpg,nein,A,2855
66,24,correct1,<3,2,NA,NA,,602149,1648721661566,1648721059417,,images/e18_2333-500.jpg,nein,A,1937
66,24,correct1,<3,2,NA,NA,,602149,1648721661566,1648721059417,,images/e12_1917-633.3.jpg,nein,B,5900
66,24,correct1,<3,2,NA,NA,,602149,1648721661566,1648721059417,,images/e49_4000-900.jpg,nein,A,2295
66,24,correct1,<3,2,NA,NA,,602149,1648721661566,1648721059417,,images/e16_2333-233.3.jpg,nein,A,3433
66,24,correct1,<3,2,NA,NA,,602149,1648721661566,1648721059417,,images/e02_1500-233.3.jpg,nein,A,2932
66,24,correct1,<3,2,NA,NA,,602149,1648721661566,1648721059417,,images/e29_3167-100.jpg,nein,B,3901
66,24,correct1,<3,2,NA,NA,,602149,1648721661566,1648721059417,,images/e19_2333-633.3.jpg,nein,A,4014
66,24,correct1,<3,2,NA,NA,,602149,1648721661566,1648721059417,,images/e41_3583-766.7.jpg,nein,A,3568
66,24,correct1,<3,2,NA,NA,,602149,1648721661566,1648721059417,,images/e33_3167-633.3.jpg,nein,A,1764
66,24,correct1,<3,2,NA,NA,,602149,1648721661566,1648721059417,,images/e23_2750-233.3.jpg,nein,B,4592
66,24,correct1,<3,2,NA,NA,,602149,1648721661566,1648721059417,,images/e17_2333-366.7.jpg,nein,A,4383
66,24,correct1,<3,2,NA,NA,,602149,1648721661566,1648721059417,,images/e03_1500-366.7.jpg,nein,A,3837
66,24,correct1,<3,2,NA,NA,,602149,1648721661566,1648721059417,,images/e40_3583-633.3.jpg,nein,A,2901
66,24,correct1,<3,2,NA,NA,,602149,1648721661566,1648721059417,,images/e35_3167-900.jpg,nein,A,4842
66,24,correct1,<3,2,NA,NA,,602149,1648721661566,1648721059417,,images/e30_3167-233.3.jpg,nein,B,3252
66,24,correct1,<3,2,NA,NA,,602149,1648721661566,1648721059417,,images/e14_1917-900.jpg,nein,A,5579
66,24,correct1,<3,2,NA,NA,,602149,1648721661566,1648721059417,,images/e46_4000-500.jpg,nein,B,3776
66,24,correct1,<3,2,NA,NA,,602149,1648721661566,1648721059417,,images/e15_2333-100.jpg,nein,A,2476
66,24,correct1,<3,2,NA,NA,,602149,1648721661566,1648721059417,,images/e21_2333-900.jpg,nein,B,3310
66,24,correct1,<3,2,NA,NA,,602149,1648721661566,1648721059417,,images/e47_4000-633.3.jpg,nein,A,2981
66,24,correct1,<3,2,NA,NA,,602149,1648721661566,1648721059417,,images/e07_1500-900.jpg,nein,B,3894
66,24,correct1,<3,2,NA,NA,,602149,1648721661566,1648721059417,,images/e05_1500-633.3.jpg,nein,B,3883
66,24,correct1,<3,2,NA,NA,,602149,1648721661566,1648721059417,,images/e24_2750-366.7.jpg,nein,A,3619
66,24,correct1,<3,2,NA,NA,,602149,1648721661566,1648721059417,,images/e42_3583-900.jpg,nein,A,4224
66,24,correct1,<3,2,NA,NA,,602149,1648721661566,1648721059417,,images/e36_3583-100.jpg,nein,B,2857
66,24,correct1,<3,2,NA,NA,,602149,1648721661566,1648721059417,,images/e25_2750-500.jpg,nein,B,4281
66,24,correct1,<3,2,NA,NA,,602149,1648721661566,1648721059417,,images/e09_1917-233.3.jpg,nein,A,2896
66,24,correct1,<3,2,NA,NA,,602149,1648721661566,1648721059417,,images/e04_1500-500.jpg,nein,A,3263
66,24,correct1,<3,2,NA,NA,,602149,1648721661566,1648721059417,,images/e28_2750-900.jpg,nein,B,2414
66,24,correct1,<3,2,NA,NA,,602149,1648721661566,1648721059417,,images/e27_2750-766.7.jpg,nein,B,1697
66,24,correct1,<3,2,NA,NA,,602149,1648721661566,1648721059417,,images/e13_1917-766.7.jpg,nein,B,4740
66,24,correct1,<3,2,NA,NA,,602149,1648721661566,1648721059417,,images/e44_4000-233.3.jpg,nein,B,2010
66,24,correct1,<3,2,NA,NA,,602149,1648721661566,1648721059417,,images/e06_1500-766.7.jpg,nein,B,3420
66,24,correct1,<3,2,NA,NA,,602149,1648721661566,1648721059417,,images/e45_4000-366.7.jpg,nein,B,2315
66,24,correct1,<3,2,NA,NA,,602149,1648721661566,1648721059417,,images/e34_3167-766.7.jpg,nein,A,3299
66,24,correct1,<3,2,NA,NA,,602149,1648721661566,1648721059417,,images/e31_3167-366.7.jpg,nein,B,5653
66,24,correct1,<3,2,NA,NA,,602149,1648721661566,1648721059417,,images/e01_1500-100.jpg,nein,A,2411
66,24,correct1,<3,2,NA,NA,,602149,1648721661566,1648721059417,,images/e32_3167-500.jpg,nein,B,2675
66,24,correct1,<3,2,NA,NA,,602149,1648721661566,1648721059417,,images/e43_4000-100.jpg,nein,B,1991
66,24,correct1,<3,2,NA,NA,,602149,1648721661566,1648721059417,,images/e08_1917-100.jpg,nein,A,20928
66,24,correct1,<3,2,NA,NA,,602149,1648721661566,1648721059417,,images/e38_3583-366.7.jpg,nein,B,2003
66,24,correct1,<3,2,NA,NA,,602149,1648721661566,1648721059417,,images/e48_4000-766.7.jpg,nein,A,3041
67,32,correct1,"Nice work, mate!",3,A,B,,546746,1648745108723,1648744561977,,images/e41_3583-766.7.jpg,R,A,2268
67,32,correct1,"Nice work, mate!",3,A,B,,546746,1648745108723,1648744561977,,images/e01_1500-100.jpg,R,B,3571
67,32,correct1,"Nice work, mate!",3,B,A,,546746,1648745108723,1648744561977,,images/e13_1917-766.7.jpg,R,B,6799
67,32,correct1,"Nice work, mate!",3,B,A,,546746,1648745108723,1648744561977,,images/e07_1500-900.jpg,R,B,3336
67,32,correct1,"Nice work, mate!",3,B,A,,546746,1648745108723,1648744561977,,images/e13_1917-766.7.jpg,R,B,4382
67,32,correct1,"Nice work, mate!",3,A,B,,546746,1648745108723,1648744561977,,images/e09_1917-233.3.jpg,R,A,2546
67,32,correct1,"Nice work, mate!",3,A,B,,546746,1648745108723,1648744561977,,images/e49_4000-900.jpg,R,A,2112
67,32,correct1,"Nice work, mate!",3,B,A,,546746,1648745108723,1648744561977,,images/e07_1500-900.jpg,R,B,2546
67,32,correct1,"Nice work, mate!",3,B,A,,546746,1648745108723,1648744561977,,images/e07_1500-900.jpg,R,B,1831
67,32,correct1,"Nice work, mate!",3,A,B,,546746,1648745108723,1648744561977,,images/e41_3583-766.7.jpg,R,A,2225
67,32,correct1,"Nice work, mate!",3,A,B,,546746,1648745108723,1648744561977,,images/e09_1917-233.3.jpg,R,B,2658
67,32,correct1,"Nice work, mate!",3,B,A,,546746,1648745108723,1648744561977,,images/e07_1500-900.jpg,R,B,3652
67,32,correct1,"Nice work, mate!",3,A,B,,546746,1648745108723,1648744561977,,images/e49_4000-900.jpg,R,A,1941
67,32,correct1,"Nice work, mate!",3,A,B,,546746,1648745108723,1648744561977,,images/e01_1500-100.jpg,R,B,2346
67,32,correct1,"Nice work, mate!",3,B,A,,546746,1648745108723,1648744561977,,images/e13_1917-766.7.jpg,R,B,3614
67,32,correct1,"Nice work, mate!",3,B,A,,546746,1648745108723,1648744561977,,images/e13_1917-766.7.jpg,R,B,1917
67,32,correct1,"Nice work, mate!",3,B,A,,546746,1648745108723,1648744561977,,images/e13_1917-766.7.jpg,R,B,1882
67,32,correct1,"Nice work, mate!",3,B,A,,546746,1648745108723,1648744561977,,images/e07_1500-900.jpg,R,B,1755
67,32,correct1,"Nice work, mate!",3,A,B,,546746,1648745108723,1648744561977,,images/e09_1917-233.3.jpg,R,A,2748
67,32,correct1,"Nice work, mate!",3,B,A,,546746,1648745108723,1648744561977,,images/e13_1917-766.7.jpg,R,B,2390
67,32,correct1,"Nice work, mate!",3,B,A,,546746,1648745108723,1648744561977,,images/e07_1500-900.jpg,R,B,3560
67,32,correct1,"Nice work, mate!",3,A,B,,546746,1648745108723,1648744561977,,images/e01_1500-100.jpg,R,B,2797
67,32,correct1,"Nice work, mate!",3,A,B,,546746,1648745108723,1648744561977,,images/e41_3583-766.7.jpg,R,A,2484
67,32,correct1,"Nice work, mate!",3,A,B,,546746,1648745108723,1648744561977,,images/e49_4000-900.jpg,R,A,2260
67,32,correct1,"Nice work, mate!",3,A,B,,546746,1648745108723,1648744561977,,images/e09_1917-233.3.jpg,R,A,3073
67,32,correct1,"Nice work, mate!",3,B,A,,546746,1648745108723,1648744561977,,images/e07_1500-900.jpg,R,B,2334
67,32,correct1,"Nice work, mate!",3,A,B,,546746,1648745108723,1648744561977,,images/e49_4000-900.jpg,R,A,1972
67,32,correct1,"Nice work, mate!",3,B,A,,546746,1648745108723,1648744561977,,images/e13_1917-766.7.jpg,R,B,2933
67,32,correct1,"Nice work, mate!",3,B,A,,546746,1648745108723,1648744561977,,images/e13_1917-766.7.jpg,R,B,2817
67,32,correct1,"Nice work, mate!",3,A,B,,546746,1648745108723,1648744561977,,images/e01_1500-100.jpg,R,A,2550
67,32,correct1,"Nice work, mate!",3,B,A,,546746,1648745108723,1648744561977,,images/e07_1500-900.jpg,R,B,2822
67,32,correct1,"Nice work, mate!",3,A,B,,546746,1648745108723,1648744561977,,images/e41_3583-766.7.jpg,R,A,2371
67,32,correct1,"Nice work, mate!",3,A,B,,546746,1648745108723,1648744561977,,images/e09_1917-233.3.jpg,R,B,2313
67,32,correct1,"Nice work, mate!",3,B,A,,546746,1648745108723,1648744561977,,images/e07_1500-900.jpg,R,B,2132
67,32,correct1,"Nice work, mate!",3,A,B,,546746,1648745108723,1648744561977,,images/e41_3583-766.7.jpg,R,A,2045
67,32,correct1,"Nice work, mate!",3,B,A,,546746,1648745108723,1648744561977,,images/e13_1917-766.7.jpg,R,B,2025
67,32,correct1,"Nice work, mate!",3,B,A,,546746,1648745108723,1648744561977,,images/e07_1500-900.jpg,R,B,1990
67,32,correct1,"Nice work, mate!",3,A,B,,546746,1648745108723,1648744561977,,images/e01_1500-100.jpg,R,A,2710
67,32,correct1,"Nice work, mate!",3,B,A,,546746,1648745108723,1648744561977,,images/e13_1917-766.7.jpg,R,B,2268
67,32,correct1,"Nice work, mate!",3,A,B,,546746,1648745108723,1648744561977,,images/e49_4000-900.jpg,R,A,2043
67,32,correct1,"Nice work, mate!",3,A,B,,546746,1648745108723,1648744561977,,images/e41_3583-766.7.jpg,R,A,2146
67,32,correct1,"Nice work, mate!",3,B,A,,546746,1648745108723,1648744561977,,images/e07_1500-900.jpg,R,B,2620
67,32,correct1,"Nice work, mate!",3,B,A,,546746,1648745108723,1648744561977,,images/e13_1917-766.7.jpg,R,B,2987
67,32,correct1,"Nice work, mate!",3,A,B,,546746,1648745108723,1648744561977,,images/e49_4000-900.jpg,R,A,2287
67,32,correct1,"Nice work, mate!",3,A,B,,546746,1648745108723,1648744561977,,images/e01_1500-100.jpg,R,B,1907
67,32,correct1,"Nice work, mate!",3,B,A,,546746,1648745108723,1648744561977,,images/e07_1500-900.jpg,R,B,2604
67,32,correct1,"Nice work, mate!",3,A,B,,546746,1648745108723,1648744561977,,images/e09_1917-233.3.jpg,R,A,5744
67,32,correct1,"Nice work, mate!",3,B,A,,546746,1648745108723,1648744561977,,images/e13_1917-766.7.jpg,R,B,3266
67,32,correct1,"Nice work, mate!",3,B,A,,546746,1648745108723,1648744561977,,images/e13_1917-766.7.jpg,R,B,2079
67,32,correct1,"Nice work, mate!",3,A,B,,546746,1648745108723,1648744561977,,images/e49_4000-900.jpg,R,A,2621
67,32,correct1,"Nice work, mate!",3,B,A,,546746,1648745108723,1648744561977,,images/e07_1500-900.jpg,R,B,2715
67,32,correct1,"Nice work, mate!",3,A,B,,546746,1648745108723,1648744561977,,images/e41_3583-766.7.jpg,R,A,2711
67,32,correct1,"Nice work, mate!",3,B,A,,546746,1648745108723,1648744561977,,images/e13_1917-766.7.jpg,R,B,8363
67,32,correct1,"Nice work, mate!",3,A,B,,546746,1648745108723,1648744561977,,images/e09_1917-233.3.jpg,R,A,2474
67,32,correct1,"Nice work, mate!",3,A,B,,546746,1648745108723,1648744561977,,images/e01_1500-100.jpg,R,A,2623
67,32,correct1,"Nice work, mate!",3,B,A,,546746,1648745108723,1648744561977,,images/e07_1500-900.jpg,R,B,2861
67,32,correct1,"Nice work, mate!",3,A,B,,546746,1648745108723,1648744561977,,images/e41_3583-766.7.jpg,R,A,2618
67,32,correct1,"Nice work, mate!",3,B,A,,546746,1648745108723,1648744561977,,images/e07_1500-900.jpg,R,B,1867
67,32,correct1,"Nice work, mate!",3,A,B,,546746,1648745108723,1648744561977,,images/e49_4000-900.jpg,R,A,3400
67,32,correct1,"Nice work, mate!",3,A,B,,546746,1648745108723,1648744561977,,images/e01_1500-100.jpg,R,B,2169
67,32,correct1,"Nice work, mate!",3,A,B,,546746,1648745108723,1648744561977,,images/e09_1917-233.3.jpg,R,A,2367
67,32,correct1,"Nice work, mate!",3,B,A,,546746,1648745108723,1648744561977,,images/e07_1500-900.jpg,R,B,2623
67,32,correct1,"Nice work, mate!",3,B,A,,546746,1648745108723,1648744561977,,images/e13_1917-766.7.jpg,R,B,5413
67,32,correct1,"Nice work, mate!",3,B,A,,546746,1648745108723,1648744561977,,images/e13_1917-766.7.jpg,R,B,2274
67,32,correct1,"Nice work, mate!",3,A,B,,546746,1648745108723,1648744561977,,images/e09_1917-233.3.jpg,R,A,2370
67,32,correct1,"Nice work, mate!",3,B,A,,546746,1648745108723,1648744561977,,images/e07_1500-900.jpg,R,B,2189
67,32,correct1,"Nice work, mate!",3,B,A,,546746,1648745108723,1648744561977,,images/e07_1500-900.jpg,R,B,2135
67,32,correct1,"Nice work, mate!",3,B,A,,546746,1648745108723,1648744561977,,images/e13_1917-766.7.jpg,R,B,2215
67,32,correct1,"Nice work, mate!",3,B,A,,546746,1648745108723,1648744561977,,images/e13_1917-766.7.jpg,R,B,1889
67,32,correct1,"Nice work, mate!",3,A,B,,546746,1648745108723,1648744561977,,images/e49_4000-900.jpg,R,A,3204
67,32,correct1,"Nice work, mate!",3,A,B,,546746,1648745108723,1648744561977,,images/e41_3583-766.7.jpg,R,A,1678
67,32,correct1,"Nice work, mate!",3,A,B,,546746,1648745108723,1648744561977,,images/e01_1500-100.jpg,R,B,1935
67,32,correct1,"Nice work, mate!",3,B,A,,546746,1648745108723,1648744561977,,images/e13_1917-766.7.jpg,R,B,2877
67,32,correct1,"Nice work, mate!",3,B,A,,546746,1648745108723,1648744561977,,images/e07_1500-900.jpg,R,B,3199
67,32,correct1,"Nice work, mate!",3,B,A,,546746,1648745108723,1648744561977,,images/e07_1500-900.jpg,R,B,2658
67,32,correct1,"Nice work, mate!",3,A,B,,546746,1648745108723,1648744561977,,images/e49_4000-900.jpg,R,A,2677
67,32,correct1,"Nice work, mate!",3,A,B,,546746,1648745108723,1648744561977,,images/e09_1917-233.3.jpg,R,B,2731
67,32,correct1,"Nice work, mate!",3,A,B,,546746,1648745108723,1648744561977,,images/e41_3583-766.7.jpg,R,A,2530
67,32,correct1,"Nice work, mate!",3,B,A,,546746,1648745108723,1648744561977,,images/e13_1917-766.7.jpg,R,B,1461
67,32,correct1,"Nice work, mate!",3,A,B,,546746,1648745108723,1648744561977,,images/e01_1500-100.jpg,R,A,4309
67,32,correct1,"Nice work, mate!",3,B,A,,546746,1648745108723,1648744561977,,images/e07_1500-900.jpg,R,B,3980
67,32,correct1,"Nice work, mate!",3,A,B,,546746,1648745108723,1648744561977,,images/e49_4000-900.jpg,R,A,2659
67,32,correct1,"Nice work, mate!",3,A,B,,546746,1648745108723,1648744561977,,images/e01_1500-100.jpg,R,A,2677
67,32,correct1,"Nice work, mate!",3,A,B,,546746,1648745108723,1648744561977,,images/e09_1917-233.3.jpg,R,A,1949
67,32,correct1,"Nice work, mate!",3,B,A,,546746,1648745108723,1648744561977,,images/e07_1500-900.jpg,R,B,2842
67,32,correct1,"Nice work, mate!",3,B,A,,546746,1648745108723,1648744561977,,images/e13_1917-766.7.jpg,R,B,3096
67,32,correct1,"Nice work, mate!",3,B,A,,546746,1648745108723,1648744561977,,images/e13_1917-766.7.jpg,R,B,2473
67,32,correct1,"Nice work, mate!",3,A,B,,546746,1648745108723,1648744561977,,images/e41_3583-766.7.jpg,R,A,2864
67,32,correct1,"Nice work, mate!",3,B,A,,546746,1648745108723,1648744561977,,images/e07_1500-900.jpg,R,B,3360
67,32,correct1,"Nice work, mate!",3,B,A,,546746,1648745108723,1648744561977,,images/e07_1500-900.jpg,R,B,1933
67,32,correct1,"Nice work, mate!",3,B,A,,546746,1648745108723,1648744561977,,images/e13_1917-766.7.jpg,R,B,3400
67,32,correct1,"Nice work, mate!",3,A,B,,546746,1648745108723,1648744561977,,images/e01_1500-100.jpg,R,A,2279
67,32,correct1,"Nice work, mate!",3,A,B,,546746,1648745108723,1648744561977,,images/e41_3583-766.7.jpg,R,A,2649
67,32,correct1,"Nice work, mate!",3,A,B,,546746,1648745108723,1648744561977,,images/e49_4000-900.jpg,R,A,1835
67,32,correct1,"Nice work, mate!",3,A,B,,546746,1648745108723,1648744561977,,images/e09_1917-233.3.jpg,R,A,4216
67,32,correct1,"Nice work, mate!",3,B,A,,546746,1648745108723,1648744561977,,images/e13_1917-766.7.jpg,R,B,2604
67,32,correct1,"Nice work, mate!",3,NA,NA,,546746,1648745108723,1648744561977,,images/e18_2333-500.jpg,R,A,6156
67,32,correct1,"Nice work, mate!",3,NA,NA,,546746,1648745108723,1648744561977,,images/e33_3167-633.3.jpg,R,A,5968
67,32,correct1,"Nice work, mate!",3,NA,NA,,546746,1648745108723,1648744561977,,images/e24_2750-366.7.jpg,R,B,4207
67,32,correct1,"Nice work, mate!",3,NA,NA,,546746,1648745108723,1648744561977,,images/e40_3583-633.3.jpg,R,B,3316
67,32,correct1,"Nice work, mate!",3,NA,NA,,546746,1648745108723,1648744561977,,images/e45_4000-366.7.jpg,R,A,3816
67,32,correct1,"Nice work, mate!",3,NA,NA,,546746,1648745108723,1648744561977,,images/e21_2333-900.jpg,R,B,4650
67,32,correct1,"Nice work, mate!",3,NA,NA,,546746,1648745108723,1648744561977,,images/e01_1500-100.jpg,R,A,4484
67,32,correct1,"Nice work, mate!",3,NA,NA,,546746,1648745108723,1648744561977,,images/e43_4000-100.jpg,R,B,2756
67,32,correct1,"Nice work, mate!",3,NA,NA,,546746,1648745108723,1648744561977,,images/e06_1500-766.7.jpg,R,B,4898
67,32,correct1,"Nice work, mate!",3,NA,NA,,546746,1648745108723,1648744561977,,images/e05_1500-633.3.jpg,R,B,3023
67,32,correct1,"Nice work, mate!",3,NA,NA,,546746,1648745108723,1648744561977,,images/e14_1917-900.jpg,R,B,2135
67,32,correct1,"Nice work, mate!",3,NA,NA,,546746,1648745108723,1648744561977,,images/e32_3167-500.jpg,R,B,2768
67,32,correct1,"Nice work, mate!",3,NA,NA,,546746,1648745108723,1648744561977,,images/e31_3167-366.7.jpg,R,B,2388
67,32,correct1,"Nice work, mate!",3,NA,NA,,546746,1648745108723,1648744561977,,images/e08_1917-100.jpg,R,A,4543
67,32,correct1,"Nice work, mate!",3,NA,NA,,546746,1648745108723,1648744561977,,images/e26_2750-633.3.jpg,R,B,8841
67,32,correct1,"Nice work, mate!",3,NA,NA,,546746,1648745108723,1648744561977,,images/e23_2750-233.3.jpg,R,B,2553
67,32,correct1,"Nice work, mate!",3,NA,NA,,546746,1648745108723,1648744561977,,images/e27_2750-766.7.jpg,R,A,4482
67,32,correct1,"Nice work, mate!",3,NA,NA,,546746,1648745108723,1648744561977,,images/e22_2750-100.jpg,R,B,7927
67,32,correct1,"Nice work, mate!",3,NA,NA,,546746,1648745108723,1648744561977,,images/e03_1500-366.7.jpg,R,A,4036
67,32,correct1,"Nice work, mate!",3,NA,NA,,546746,1648745108723,1648744561977,,images/e13_1917-766.7.jpg,R,B,4251
67,32,correct1,"Nice work, mate!",3,NA,NA,,546746,1648745108723,1648744561977,,images/e20_2333-766.7.jpg,R,B,1909
67,32,correct1,"Nice work, mate!",3,NA,NA,,546746,1648745108723,1648744561977,,images/e37_3583-233.3.jpg,R,B,3240
67,32,correct1,"Nice work, mate!",3,NA,NA,,546746,1648745108723,1648744561977,,images/e35_3167-900.jpg,R,A,3763
67,32,correct1,"Nice work, mate!",3,NA,NA,,546746,1648745108723,1648744561977,,images/e17_2333-366.7.jpg,R,A,3040
67,32,correct1,"Nice work, mate!",3,NA,NA,,546746,1648745108723,1648744561977,,images/e07_1500-900.jpg,R,B,3633
67,32,correct1,"Nice work, mate!",3,NA,NA,,546746,1648745108723,1648744561977,,images/e02_1500-233.3.jpg,R,A,4112
67,32,correct1,"Nice work, mate!",3,NA,NA,,546746,1648745108723,1648744561977,,images/e16_2333-233.3.jpg,R,A,2156
67,32,correct1,"Nice work, mate!",3,NA,NA,,546746,1648745108723,1648744561977,,images/e47_4000-633.3.jpg,R,B,4138
67,32,correct1,"Nice work, mate!",3,NA,NA,,546746,1648745108723,1648744561977,,images/e10_1917-366.7.jpg,R,A,5674
67,32,correct1,"Nice work, mate!",3,NA,NA,,546746,1648745108723,1648744561977,,images/e34_3167-766.7.jpg,R,A,3971
67,32,correct1,"Nice work, mate!",3,NA,NA,,546746,1648745108723,1648744561977,,images/e46_4000-500.jpg,R,B,8707
67,32,correct1,"Nice work, mate!",3,NA,NA,,546746,1648745108723,1648744561977,,images/e44_4000-233.3.jpg,R,B,1665
67,32,correct1,"Nice work, mate!",3,NA,NA,,546746,1648745108723,1648744561977,,images/e36_3583-100.jpg,R,B,2205
67,32,correct1,"Nice work, mate!",3,NA,NA,,546746,1648745108723,1648744561977,,images/e39_3583-500.jpg,R,B,3328
67,32,correct1,"Nice work, mate!",3,NA,NA,,546746,1648745108723,1648744561977,,images/e30_3167-233.3.jpg,R,B,2550
67,32,correct1,"Nice work, mate!",3,NA,NA,,546746,1648745108723,1648744561977,,images/e09_1917-233.3.jpg,R,A,2117
67,32,correct1,"Nice work, mate!",3,NA,NA,,546746,1648745108723,1648744561977,,images/e41_3583-766.7.jpg,R,A,3600
67,32,correct1,"Nice work, mate!",3,NA,NA,,546746,1648745108723,1648744561977,,images/e11_1917-500.jpg,R,A,3655
67,32,correct1,"Nice work, mate!",3,NA,NA,,546746,1648745108723,1648744561977,,images/e38_3583-366.7.jpg,R,B,18639
67,32,correct1,"Nice work, mate!",3,NA,NA,,546746,1648745108723,1648744561977,,images/e48_4000-766.7.jpg,R,A,2761
67,32,correct1,"Nice work, mate!",3,NA,NA,,546746,1648745108723,1648744561977,,images/e28_2750-900.jpg,R,B,4906
67,32,correct1,"Nice work, mate!",3,NA,NA,,546746,1648745108723,1648744561977,,images/e19_2333-633.3.jpg,R,B,3139
67,32,correct1,"Nice work, mate!",3,NA,NA,,546746,1648745108723,1648744561977,,images/e49_4000-900.jpg,R,A,2759
67,32,correct1,"Nice work, mate!",3,NA,NA,,546746,1648745108723,1648744561977,,images/e15_2333-100.jpg,R,A,2993
67,32,correct1,"Nice work, mate!",3,NA,NA,,546746,1648745108723,1648744561977,,images/e04_1500-500.jpg,R,A,9721
67,32,correct1,"Nice work, mate!",3,NA,NA,,546746,1648745108723,1648744561977,,images/e12_1917-633.3.jpg,R,A,2855
67,32,correct1,"Nice work, mate!",3,NA,NA,,546746,1648745108723,1648744561977,,images/e29_3167-100.jpg,R,B,2478
67,32,correct1,"Nice work, mate!",3,NA,NA,,546746,1648745108723,1648744561977,,images/e25_2750-500.jpg,R,B,3744
67,32,correct1,"Nice work, mate!",3,NA,NA,,546746,1648745108723,1648744561977,,images/e42_3583-900.jpg,R,A,2470
68,30,correct1,Carthago delenda est,4,A,B,,347755,1648748287293,1648747939538,,images/e49_4000-900.jpg,Seven,A,3137
68,30,correct1,Carthago delenda est,4,A,B,,347755,1648748287293,1648747939538,,images/e41_3583-766.7.jpg,Seven,B,3785
68,30,correct1,Carthago delenda est,4,B,A,,347755,1648748287293,1648747939538,,images/e07_1500-900.jpg,Seven,A,2995
68,30,correct1,Carthago delenda est,4,B,A,,347755,1648748287293,1648747939538,,images/e13_1917-766.7.jpg,Seven,A,1816
68,30,correct1,Carthago delenda est,4,B,A,,347755,1648748287293,1648747939538,,images/e13_1917-766.7.jpg,Seven,B,1842
68,30,correct1,Carthago delenda est,4,A,B,,347755,1648748287293,1648747939538,,images/e41_3583-766.7.jpg,Seven,B,1956
68,30,correct1,Carthago delenda est,4,A,B,,347755,1648748287293,1648747939538,,images/e49_4000-900.jpg,Seven,A,1430
68,30,correct1,Carthago delenda est,4,B,A,,347755,1648748287293,1648747939538,,images/e07_1500-900.jpg,Seven,B,1180
68,30,correct1,Carthago delenda est,4,A,B,,347755,1648748287293,1648747939538,,images/e41_3583-766.7.jpg,Seven,B,1268
68,30,correct1,Carthago delenda est,4,B,A,,347755,1648748287293,1648747939538,,images/e13_1917-766.7.jpg,Seven,A,1327
68,30,correct1,Carthago delenda est,4,A,B,,347755,1648748287293,1648747939538,,images/e49_4000-900.jpg,Seven,A,1481
68,30,correct1,Carthago delenda est,4,B,A,,347755,1648748287293,1648747939538,,images/e07_1500-900.jpg,Seven,A,1387
68,30,correct1,Carthago delenda est,4,B,A,,347755,1648748287293,1648747939538,,images/e07_1500-900.jpg,Seven,A,1484
68,30,correct1,Carthago delenda est,4,A,B,,347755,1648748287293,1648747939538,,images/e49_4000-900.jpg,Seven,A,1792
68,30,correct1,Carthago delenda est,4,B,A,,347755,1648748287293,1648747939538,,images/e13_1917-766.7.jpg,Seven,B,1688
68,30,correct1,Carthago delenda est,4,A,B,,347755,1648748287293,1648747939538,,images/e41_3583-766.7.jpg,Seven,B,1555
68,30,correct1,Carthago delenda est,4,A,B,,347755,1648748287293,1648747939538,,images/e41_3583-766.7.jpg,Seven,B,4747
68,30,correct1,Carthago delenda est,4,B,A,,347755,1648748287293,1648747939538,,images/e13_1917-766.7.jpg,Seven,A,2351
68,30,correct1,Carthago delenda est,4,B,A,,347755,1648748287293,1648747939538,,images/e07_1500-900.jpg,Seven,B,1767
68,30,correct1,Carthago delenda est,4,A,B,,347755,1648748287293,1648747939538,,images/e09_1917-233.3.jpg,Seven,B,1385
68,30,correct1,Carthago delenda est,4,A,B,,347755,1648748287293,1648747939538,,images/e01_1500-100.jpg,Seven,A,2670
68,30,correct1,Carthago delenda est,4,B,A,,347755,1648748287293,1648747939538,,images/e13_1917-766.7.jpg,Seven,A,1768
68,30,correct1,Carthago delenda est,4,B,A,,347755,1648748287293,1648747939538,,images/e07_1500-900.jpg,Seven,A,2508
68,30,correct1,Carthago delenda est,4,A,B,,347755,1648748287293,1648747939538,,images/e49_4000-900.jpg,Seven,B,1787
68,30,correct1,Carthago delenda est,4,B,A,,347755,1648748287293,1648747939538,,images/e13_1917-766.7.jpg,Seven,A,1636
68,30,correct1,Carthago delenda est,4,B,A,,347755,1648748287293,1648747939538,,images/e07_1500-900.jpg,Seven,A,1379
68,30,correct1,Carthago delenda est,4,A,B,,347755,1648748287293,1648747939538,,images/e41_3583-766.7.jpg,Seven,A,1232
68,30,correct1,Carthago delenda est,4,A,B,,347755,1648748287293,1648747939538,,images/e49_4000-900.jpg,Seven,B,1366
68,30,correct1,Carthago delenda est,4,B,A,,347755,1648748287293,1648747939538,,images/e07_1500-900.jpg,Seven,B,2186
68,30,correct1,Carthago delenda est,4,A,B,,347755,1648748287293,1648747939538,,images/e09_1917-233.3.jpg,Seven,B,1988
68,30,correct1,Carthago delenda est,4,B,A,,347755,1648748287293,1648747939538,,images/e13_1917-766.7.jpg,Seven,A,1600
68,30,correct1,Carthago delenda est,4,A,B,,347755,1648748287293,1648747939538,,images/e01_1500-100.jpg,Seven,A,1359
68,30,correct1,Carthago delenda est,4,B,A,,347755,1648748287293,1648747939538,,images/e13_1917-766.7.jpg,Seven,A,2322
68,30,correct1,Carthago delenda est,4,B,A,,347755,1648748287293,1648747939538,,images/e13_1917-766.7.jpg,Seven,B,1911
68,30,correct1,Carthago delenda est,4,B,A,,347755,1648748287293,1648747939538,,images/e07_1500-900.jpg,Seven,B,1618
68,30,correct1,Carthago delenda est,4,B,A,,347755,1648748287293,1648747939538,,images/e07_1500-900.jpg,Seven,B,1789
68,30,correct1,Carthago delenda est,4,A,B,,347755,1648748287293,1648747939538,,images/e41_3583-766.7.jpg,Seven,A,1869
68,30,correct1,Carthago delenda est,4,A,B,,347755,1648748287293,1648747939538,,images/e09_1917-233.3.jpg,Seven,A,1923
68,30,correct1,Carthago delenda est,4,A,B,,347755,1648748287293,1648747939538,,images/e01_1500-100.jpg,Seven,A,1977
68,30,correct1,Carthago delenda est,4,A,B,,347755,1648748287293,1648747939538,,images/e49_4000-900.jpg,Seven,A,1506
68,30,correct1,Carthago delenda est,4,B,A,,347755,1648748287293,1648747939538,,images/e13_1917-766.7.jpg,Seven,A,1213
68,30,correct1,Carthago delenda est,4,A,B,,347755,1648748287293,1648747939538,,images/e49_4000-900.jpg,Seven,A,1663
68,30,correct1,Carthago delenda est,4,A,B,,347755,1648748287293,1648747939538,,images/e41_3583-766.7.jpg,Seven,A,1509
68,30,correct1,Carthago delenda est,4,B,A,,347755,1648748287293,1648747939538,,images/e07_1500-900.jpg,Seven,B,2708
68,30,correct1,Carthago delenda est,4,B,A,,347755,1648748287293,1648747939538,,images/e07_1500-900.jpg,Seven,B,1479
68,30,correct1,Carthago delenda est,4,B,A,,347755,1648748287293,1648747939538,,images/e13_1917-766.7.jpg,Seven,A,2106
68,30,correct1,Carthago delenda est,4,A,B,,347755,1648748287293,1648747939538,,images/e09_1917-233.3.jpg,Seven,A,2772
68,30,correct1,Carthago delenda est,4,A,B,,347755,1648748287293,1648747939538,,images/e01_1500-100.jpg,Seven,A,1500
68,30,correct1,Carthago delenda est,4,B,A,,347755,1648748287293,1648747939538,,images/e07_1500-900.jpg,Seven,B,1993
68,30,correct1,Carthago delenda est,4,B,A,,347755,1648748287293,1648747939538,,images/e07_1500-900.jpg,Seven,B,1994
68,30,correct1,Carthago delenda est,4,A,B,,347755,1648748287293,1648747939538,,images/e09_1917-233.3.jpg,Seven,A,1949
68,30,correct1,Carthago delenda est,4,A,B,,347755,1648748287293,1648747939538,,images/e01_1500-100.jpg,Seven,A,1687
68,30,correct1,Carthago delenda est,4,A,B,,347755,1648748287293,1648747939538,,images/e49_4000-900.jpg,Seven,B,1819
68,30,correct1,Carthago delenda est,4,B,A,,347755,1648748287293,1648747939538,,images/e13_1917-766.7.jpg,Seven,A,1671
68,30,correct1,Carthago delenda est,4,A,B,,347755,1648748287293,1648747939538,,images/e41_3583-766.7.jpg,Seven,B,1896
68,30,correct1,Carthago delenda est,4,B,A,,347755,1648748287293,1648747939538,,images/e13_1917-766.7.jpg,Seven,A,1450
68,30,correct1,Carthago delenda est,4,B,A,,347755,1648748287293,1648747939538,,images/e07_1500-900.jpg,Seven,B,1771
68,30,correct1,Carthago delenda est,4,B,A,,347755,1648748287293,1648747939538,,images/e13_1917-766.7.jpg,Seven,A,1836
68,30,correct1,Carthago delenda est,4,B,A,,347755,1648748287293,1648747939538,,images/e07_1500-900.jpg,Seven,B,2318
68,30,correct1,Carthago delenda est,4,B,A,,347755,1648748287293,1648747939538,,images/e13_1917-766.7.jpg,Seven,B,1542
68,30,correct1,Carthago delenda est,4,A,B,,347755,1648748287293,1648747939538,,images/e41_3583-766.7.jpg,Seven,A,1935
68,30,correct1,Carthago delenda est,4,A,B,,347755,1648748287293,1648747939538,,images/e49_4000-900.jpg,Seven,B,1553
68,30,correct1,Carthago delenda est,4,A,B,,347755,1648748287293,1648747939538,,images/e01_1500-100.jpg,Seven,A,2081
68,30,correct1,Carthago delenda est,4,A,B,,347755,1648748287293,1648747939538,,images/e09_1917-233.3.jpg,Seven,A,1394
68,30,correct1,Carthago delenda est,4,A,B,,347755,1648748287293,1648747939538,,images/e09_1917-233.3.jpg,Seven,A,1637
68,30,correct1,Carthago delenda est,4,A,B,,347755,1648748287293,1648747939538,,images/e49_4000-900.jpg,Seven,A,2603
68,30,correct1,Carthago delenda est,4,A,B,,347755,1648748287293,1648747939538,,images/e01_1500-100.jpg,Seven,A,1599
68,30,correct1,Carthago delenda est,4,B,A,,347755,1648748287293,1648747939538,,images/e13_1917-766.7.jpg,Seven,A,1852
68,30,correct1,Carthago delenda est,4,A,B,,347755,1648748287293,1648747939538,,images/e41_3583-766.7.jpg,Seven,A,1391
68,30,correct1,Carthago delenda est,4,B,A,,347755,1648748287293,1648747939538,,images/e07_1500-900.jpg,Seven,A,1582
68,30,correct1,Carthago delenda est,4,B,A,,347755,1648748287293,1648747939538,,images/e07_1500-900.jpg,Seven,B,1410
68,30,correct1,Carthago delenda est,4,B,A,,347755,1648748287293,1648747939538,,images/e13_1917-766.7.jpg,Seven,A,2566
68,30,correct1,Carthago delenda est,4,A,B,,347755,1648748287293,1648747939538,,images/e09_1917-233.3.jpg,Seven,A,2059
68,30,correct1,Carthago delenda est,4,B,A,,347755,1648748287293,1648747939538,,images/e07_1500-900.jpg,Seven,B,2309
68,30,correct1,Carthago delenda est,4,B,A,,347755,1648748287293,1648747939538,,images/e13_1917-766.7.jpg,Seven,B,4326
68,30,correct1,Carthago delenda est,4,B,A,,347755,1648748287293,1648747939538,,images/e13_1917-766.7.jpg,Seven,B,1730
68,30,correct1,Carthago delenda est,4,B,A,,347755,1648748287293,1648747939538,,images/e07_1500-900.jpg,Seven,B,3467
68,30,correct1,Carthago delenda est,4,A,B,,347755,1648748287293,1648747939538,,images/e49_4000-900.jpg,Seven,A,3062
68,30,correct1,Carthago delenda est,4,A,B,,347755,1648748287293,1648747939538,,images/e01_1500-100.jpg,Seven,B,1788
68,30,correct1,Carthago delenda est,4,A,B,,347755,1648748287293,1648747939538,,images/e41_3583-766.7.jpg,Seven,A,1477
68,30,correct1,Carthago delenda est,4,B,A,,347755,1648748287293,1648747939538,,images/e13_1917-766.7.jpg,Seven,B,1580
68,30,correct1,Carthago delenda est,4,A,B,,347755,1648748287293,1648747939538,,images/e41_3583-766.7.jpg,Seven,B,1675
68,30,correct1,Carthago delenda est,4,B,A,,347755,1648748287293,1648747939538,,images/e13_1917-766.7.jpg,Seven,A,1192
68,30,correct1,Carthago delenda est,4,A,B,,347755,1648748287293,1648747939538,,images/e09_1917-233.3.jpg,Seven,B,2721
68,30,correct1,Carthago delenda est,4,B,A,,347755,1648748287293,1648747939538,,images/e07_1500-900.jpg,Seven,B,2209
68,30,correct1,Carthago delenda est,4,A,B,,347755,1648748287293,1648747939538,,images/e01_1500-100.jpg,Seven,B,6320
68,30,correct1,Carthago delenda est,4,B,A,,347755,1648748287293,1648747939538,,images/e07_1500-900.jpg,Seven,A,1146
68,30,correct1,Carthago delenda est,4,A,B,,347755,1648748287293,1648747939538,,images/e49_4000-900.jpg,Seven,B,1203
68,30,correct1,Carthago delenda est,4,B,A,,347755,1648748287293,1648747939538,,images/e07_1500-900.jpg,Seven,B,2008
68,30,correct1,Carthago delenda est,4,B,A,,347755,1648748287293,1648747939538,,images/e13_1917-766.7.jpg,Seven,B,1633
68,30,correct1,Carthago delenda est,4,A,B,,347755,1648748287293,1648747939538,,images/e01_1500-100.jpg,Seven,A,1981
68,30,correct1,Carthago delenda est,4,A,B,,347755,1648748287293,1648747939538,,images/e49_4000-900.jpg,Seven,B,2445
68,30,correct1,Carthago delenda est,4,B,A,,347755,1648748287293,1648747939538,,images/e13_1917-766.7.jpg,Seven,A,7061
68,30,correct1,Carthago delenda est,4,A,B,,347755,1648748287293,1648747939538,,images/e09_1917-233.3.jpg,Seven,B,1430
68,30,correct1,Carthago delenda est,4,B,A,,347755,1648748287293,1648747939538,,images/e07_1500-900.jpg,Seven,A,1366
68,30,correct1,Carthago delenda est,4,A,B,,347755,1648748287293,1648747939538,,images/e41_3583-766.7.jpg,Seven,A,1453
68,30,correct1,Carthago delenda est,4,NA,NA,,347755,1648748287293,1648747939538,,images/e35_3167-900.jpg,Seven,A,1655
68,30,correct1,Carthago delenda est,4,NA,NA,,347755,1648748287293,1648747939538,,images/e48_4000-766.7.jpg,Seven,B,1098
68,30,correct1,Carthago delenda est,4,NA,NA,,347755,1648748287293,1648747939538,,images/e10_1917-366.7.jpg,Seven,B,1796
68,30,correct1,Carthago delenda est,4,NA,NA,,347755,1648748287293,1648747939538,,images/e18_2333-500.jpg,Seven,B,1373
68,30,correct1,Carthago delenda est,4,NA,NA,,347755,1648748287293,1648747939538,,images/e27_2750-766.7.jpg,Seven,A,1112
68,30,correct1,Carthago delenda est,4,NA,NA,,347755,1648748287293,1648747939538,,images/e32_3167-500.jpg,Seven,B,1637
68,30,correct1,Carthago delenda est,4,NA,NA,,347755,1648748287293,1648747939538,,images/e45_4000-366.7.jpg,Seven,B,1705
68,30,correct1,Carthago delenda est,4,NA,NA,,347755,1648748287293,1648747939538,,images/e37_3583-233.3.jpg,Seven,A,5461
68,30,correct1,Carthago delenda est,4,NA,NA,,347755,1648748287293,1648747939538,,images/e29_3167-100.jpg,Seven,A,1477
68,30,correct1,Carthago delenda est,4,NA,NA,,347755,1648748287293,1648747939538,,images/e30_3167-233.3.jpg,Seven,A,1260
68,30,correct1,Carthago delenda est,4,NA,NA,,347755,1648748287293,1648747939538,,images/e43_4000-100.jpg,Seven,A,1488
68,30,correct1,Carthago delenda est,4,NA,NA,,347755,1648748287293,1648747939538,,images/e14_1917-900.jpg,Seven,B,3521
68,30,correct1,Carthago delenda est,4,NA,NA,,347755,1648748287293,1648747939538,,images/e16_2333-233.3.jpg,Seven,B,1875
68,30,correct1,Carthago delenda est,4,NA,NA,,347755,1648748287293,1648747939538,,images/e41_3583-766.7.jpg,Seven,B,1046
68,30,correct1,Carthago delenda est,4,NA,NA,,347755,1648748287293,1648747939538,,images/e07_1500-900.jpg,Seven,B,990
68,30,correct1,Carthago delenda est,4,NA,NA,,347755,1648748287293,1648747939538,,images/e34_3167-766.7.jpg,Seven,B,987
68,30,correct1,Carthago delenda est,4,NA,NA,,347755,1648748287293,1648747939538,,images/e40_3583-633.3.jpg,Seven,A,964
68,30,correct1,Carthago delenda est,4,NA,NA,,347755,1648748287293,1648747939538,,images/e25_2750-500.jpg,Seven,A,1033
68,30,correct1,Carthago delenda est,4,NA,NA,,347755,1648748287293,1648747939538,,images/e08_1917-100.jpg,Seven,A,892
68,30,correct1,Carthago delenda est,4,NA,NA,,347755,1648748287293,1648747939538,,images/e46_4000-500.jpg,Seven,A,1134
68,30,correct1,Carthago delenda est,4,NA,NA,,347755,1648748287293,1648747939538,,images/e31_3167-366.7.jpg,Seven,A,1024
68,30,correct1,Carthago delenda est,4,NA,NA,,347755,1648748287293,1648747939538,,images/e22_2750-100.jpg,Seven,B,1397
68,30,correct1,Carthago delenda est,4,NA,NA,,347755,1648748287293,1648747939538,,images/e44_4000-233.3.jpg,Seven,A,1819
68,30,correct1,Carthago delenda est,4,NA,NA,,347755,1648748287293,1648747939538,,images/e11_1917-500.jpg,Seven,A,1169
68,30,correct1,Carthago delenda est,4,NA,NA,,347755,1648748287293,1648747939538,,images/e38_3583-366.7.jpg,Seven,A,1337
68,30,correct1,Carthago delenda est,4,NA,NA,,347755,1648748287293,1648747939538,,images/e12_1917-633.3.jpg,Seven,B,951
68,30,correct1,Carthago delenda est,4,NA,NA,,347755,1648748287293,1648747939538,,images/e17_2333-366.7.jpg,Seven,A,1085
68,30,correct1,Carthago delenda est,4,NA,NA,,347755,1648748287293,1648747939538,,images/e13_1917-766.7.jpg,Seven,B,1316
68,30,correct1,Carthago delenda est,4,NA,NA,,347755,1648748287293,1648747939538,,images/e47_4000-633.3.jpg,Seven,B,871
68,30,correct1,Carthago delenda est,4,NA,NA,,347755,1648748287293,1648747939538,,images/e26_2750-633.3.jpg,Seven,B,879
68,30,correct1,Carthago delenda est,4,NA,NA,,347755,1648748287293,1648747939538,,images/e06_1500-766.7.jpg,Seven,A,1073
68,30,correct1,Carthago delenda est,4,NA,NA,,347755,1648748287293,1648747939538,,images/e33_3167-633.3.jpg,Seven,A,1040
68,30,correct1,Carthago delenda est,4,NA,NA,,347755,1648748287293,1648747939538,,images/e39_3583-500.jpg,Seven,B,2427
68,30,correct1,Carthago delenda est,4,NA,NA,,347755,1648748287293,1648747939538,,images/e28_2750-900.jpg,Seven,A,1454
68,30,correct1,Carthago delenda est,4,NA,NA,,347755,1648748287293,1648747939538,,images/e03_1500-366.7.jpg,Seven,A,1215
68,30,correct1,Carthago delenda est,4,NA,NA,,347755,1648748287293,1648747939538,,images/e49_4000-900.jpg,Seven,A,1561
68,30,correct1,Carthago delenda est,4,NA,NA,,347755,1648748287293,1648747939538,,images/e09_1917-233.3.jpg,Seven,A,3510
68,30,correct1,Carthago delenda est,4,NA,NA,,347755,1648748287293,1648747939538,,images/e19_2333-633.3.jpg,Seven,A,1237
68,30,correct1,Carthago delenda est,4,NA,NA,,347755,1648748287293,1648747939538,,images/e20_2333-766.7.jpg,Seven,A,1067
68,30,correct1,Carthago delenda est,4,NA,NA,,347755,1648748287293,1648747939538,,images/e36_3583-100.jpg,Seven,B,1008
68,30,correct1,Carthago delenda est,4,NA,NA,,347755,1648748287293,1648747939538,,images/e23_2750-233.3.jpg,Seven,A,1093
68,30,correct1,Carthago delenda est,4,NA,NA,,347755,1648748287293,1648747939538,,images/e02_1500-233.3.jpg,Seven,A,1742
68,30,correct1,Carthago delenda est,4,NA,NA,,347755,1648748287293,1648747939538,,images/e24_2750-366.7.jpg,Seven,A,898
68,30,correct1,Carthago delenda est,4,NA,NA,,347755,1648748287293,1648747939538,,images/e21_2333-900.jpg,Seven,B,955
68,30,correct1,Carthago delenda est,4,NA,NA,,347755,1648748287293,1648747939538,,images/e04_1500-500.jpg,Seven,A,1021
68,30,correct1,Carthago delenda est,4,NA,NA,,347755,1648748287293,1648747939538,,images/e15_2333-100.jpg,Seven,A,977
68,30,correct1,Carthago delenda est,4,NA,NA,,347755,1648748287293,1648747939538,,images/e42_3583-900.jpg,Seven,B,1000
68,30,correct1,Carthago delenda est,4,NA,NA,,347755,1648748287293,1648747939538,,images/e01_1500-100.jpg,Seven,B,999
68,30,correct1,Carthago delenda est,4,NA,NA,,347755,1648748287293,1648747939538,,images/e05_1500-633.3.jpg,Seven,A,922
