submission_id,rules,blocked,assignment,image,item,response,extrapol,response_time
15,0,1,correct1,images/e09_1917-233.3.jpg,training,Nobz,NA,1217
15,0,1,correct1,images/e05_1500-633.3.jpg,training,Grot,NA,1500
15,0,1,correct1,images/e48_4000-766.7.jpg,training,Nobz,NA,1168
15,0,1,correct1,images/e24_2750-366.7.jpg,neutral,Nobz,NA,1590
15,0,1,correct1,images/e12_1917-633.3.jpg,training,Grot,NA,1004
15,0,1,correct1,images/e04_1500-500.jpg,neutral,Grot,NA,1070
15,0,1,correct1,images/e27_2750-766.7.jpg,neutral,Grot,NA,1086
15,0,1,correct1,images/e25_2750-500.jpg,neutral,Nobz,NA,3682
15,0,1,correct1,images/e10_1917-366.7.jpg,training,Nobz,NA,707
15,0,1,correct1,images/e46_4000-500.jpg,neutral,Nobz,NA,1815
15,0,1,correct1,images/e23_2750-233.3.jpg,neutral,Nobz,NA,751
15,0,1,correct1,images/e16_2333-233.3.jpg,training,Nobz,NA,1054
15,0,1,correct1,images/e45_4000-366.7.jpg,transfer,Nobz,0,911
15,0,1,correct1,images/e47_4000-633.3.jpg,training,Nobz,NA,1704
15,0,1,correct1,images/e02_1500-233.3.jpg,training,Nobz,NA,1165
15,0,1,correct1,images/e39_3583-500.jpg,neutral,Nobz,NA,981
15,0,1,correct1,images/e49_4000-900.jpg,training,Nobz,NA,841
15,0,1,correct1,images/e21_2333-900.jpg,training,Grot,NA,1673
15,0,1,correct1,images/e07_1500-900.jpg,training,Grot,NA,663
15,0,1,correct1,images/e36_3583-100.jpg,transfer,Nobz,0,1147
15,0,1,correct1,images/e29_3167-100.jpg,transfer,Nobz,0,2764
15,0,1,correct1,images/e28_2750-900.jpg,neutral,Grot,NA,1281
15,0,1,correct1,images/e11_1917-500.jpg,neutral,Grot,NA,840
15,0,1,correct1,images/e35_3167-900.jpg,training,Grot,NA,749
15,0,1,correct1,images/e03_1500-366.7.jpg,training,Nobz,NA,2297
15,0,1,correct1,images/e13_1917-766.7.jpg,training,Grot,NA,1054
15,0,1,correct1,images/e08_1917-100.jpg,training,Nobz,NA,974
15,0,1,correct1,images/e31_3167-366.7.jpg,transfer,Nobz,0,1204
15,0,1,correct1,images/e01_1500-100.jpg,training,Nobz,NA,650
15,0,1,correct1,images/e44_4000-233.3.jpg,transfer,Nobz,0,848
15,0,1,correct1,images/e30_3167-233.3.jpg,transfer,Nobz,0,635
15,0,1,correct1,images/e15_2333-100.jpg,training,Nobz,NA,846
15,0,1,correct1,images/e41_3583-766.7.jpg,training,Nobz,NA,1271
15,0,1,correct1,images/e19_2333-633.3.jpg,training,Grot,NA,1582
15,0,1,correct1,images/e43_4000-100.jpg,transfer,Nobz,0,1207
15,0,1,correct1,images/e42_3583-900.jpg,training,Nobz,NA,1632
15,0,1,correct1,images/e14_1917-900.jpg,training,Grot,NA,1190
15,0,1,correct1,images/e20_2333-766.7.jpg,training,Grot,NA,839
15,0,1,correct1,images/e34_3167-766.7.jpg,training,Grot,NA,2980
15,0,1,correct1,images/e22_2750-100.jpg,neutral,Nobz,NA,949
15,0,1,correct1,images/e18_2333-500.jpg,neutral,Nobz,NA,1778
15,0,1,correct1,images/e33_3167-633.3.jpg,training,Nobz,NA,2030
15,0,1,correct1,images/e37_3583-233.3.jpg,transfer,Nobz,0,1358
15,0,1,correct1,images/e40_3583-633.3.jpg,training,Nobz,NA,1370
15,0,1,correct1,images/e32_3167-500.jpg,neutral,Nobz,NA,1347
15,0,1,correct1,images/e06_1500-766.7.jpg,training,Grot,NA,939
15,0,1,correct1,images/e26_2750-633.3.jpg,neutral,Grot,NA,999
15,0,1,correct1,images/e38_3583-366.7.jpg,transfer,Nobz,0,929
15,0,1,correct1,images/e17_2333-366.7.jpg,training,Nobz,NA,1594
16,0,0,correct1,images/e11_1917-500.jpg,neutral,Grot,NA,1944
16,0,0,correct1,images/e16_2333-233.3.jpg,training,Nobz,NA,984
16,0,0,correct1,images/e31_3167-366.7.jpg,transfer,Grot,1,1616
16,0,0,correct1,images/e43_4000-100.jpg,transfer,Grot,1,1824
16,0,0,correct1,images/e45_4000-366.7.jpg,transfer,Nobz,0,6952
16,0,0,correct1,images/e01_1500-100.jpg,training,Grot,NA,967
16,0,0,correct1,images/e36_3583-100.jpg,transfer,Nobz,0,2945
16,0,0,correct1,images/e46_4000-500.jpg,neutral,Nobz,NA,792
16,0,0,correct1,images/e37_3583-233.3.jpg,transfer,Nobz,0,864
16,0,0,correct1,images/e27_2750-766.7.jpg,neutral,Grot,NA,5392
16,0,0,correct1,images/e47_4000-633.3.jpg,training,Nobz,NA,1679
16,0,0,correct1,images/e35_3167-900.jpg,training,Nobz,NA,847
16,0,0,correct1,images/e39_3583-500.jpg,neutral,Nobz,NA,2823
16,0,0,correct1,images/e22_2750-100.jpg,neutral,Nobz,NA,1575
16,0,0,correct1,images/e14_1917-900.jpg,training,Grot,NA,1009
16,0,0,correct1,images/e20_2333-766.7.jpg,training,Grot,NA,758
16,0,0,correct1,images/e23_2750-233.3.jpg,neutral,Nobz,NA,1080
16,0,0,correct1,images/e34_3167-766.7.jpg,training,Nobz,NA,1471
16,0,0,correct1,images/e42_3583-900.jpg,training,Nobz,NA,672
16,0,0,correct1,images/e18_2333-500.jpg,neutral,Grot,NA,2223
16,0,0,correct1,images/e15_2333-100.jpg,training,Nobz,NA,929
16,0,0,correct1,images/e30_3167-233.3.jpg,transfer,Nobz,0,1152
16,0,0,correct1,images/e33_3167-633.3.jpg,training,Nobz,NA,920
16,0,0,correct1,images/e29_3167-100.jpg,transfer,Nobz,0,679
16,0,0,correct1,images/e02_1500-233.3.jpg,training,Grot,NA,2048
16,0,0,correct1,images/e25_2750-500.jpg,neutral,Nobz,NA,1752
16,0,0,correct1,images/e09_1917-233.3.jpg,training,Grot,NA,2105
16,0,0,correct1,images/e08_1917-100.jpg,training,Grot,NA,575
16,0,0,correct1,images/e21_2333-900.jpg,training,Grot,NA,1480
16,0,0,correct1,images/e32_3167-500.jpg,neutral,Grot,NA,1456
16,0,0,correct1,images/e41_3583-766.7.jpg,training,Nobz,NA,791
16,0,0,correct1,images/e26_2750-633.3.jpg,neutral,Grot,NA,1361
16,0,0,correct1,images/e10_1917-366.7.jpg,training,Grot,NA,5343
16,0,0,correct1,images/e44_4000-233.3.jpg,transfer,Nobz,0,1080
16,0,0,correct1,images/e05_1500-633.3.jpg,training,Grot,NA,2110
16,0,0,correct1,images/e06_1500-766.7.jpg,training,Grot,NA,447
16,0,0,correct1,images/e40_3583-633.3.jpg,training,Nobz,NA,1080
16,0,0,correct1,images/e48_4000-766.7.jpg,training,Nobz,NA,697
16,0,0,correct1,images/e49_4000-900.jpg,training,Nobz,NA,672
16,0,0,correct1,images/e13_1917-766.7.jpg,training,Grot,NA,1191
16,0,0,correct1,images/e19_2333-633.3.jpg,training,Grot,NA,944
16,0,0,correct1,images/e17_2333-366.7.jpg,training,Nobz,NA,1624
16,0,0,correct1,images/e03_1500-366.7.jpg,training,Nobz,NA,744
16,0,0,correct1,images/e38_3583-366.7.jpg,transfer,Nobz,0,2944
16,0,0,correct1,images/e24_2750-366.7.jpg,neutral,Nobz,NA,1583
16,0,0,correct1,images/e04_1500-500.jpg,neutral,Grot,NA,1744
16,0,0,correct1,images/e12_1917-633.3.jpg,training,Grot,NA,679
16,0,0,correct1,images/e07_1500-900.jpg,training,Grot,NA,1065
16,0,0,correct1,images/e28_2750-900.jpg,neutral,Grot,NA,552
17,1,0,correct2,images/e19_2333-633.3.jpg,training,Nobz,NA,1596
17,1,0,correct2,images/e10_1917-366.7.jpg,training,Grot,NA,1582
17,1,0,correct2,images/e37_3583-233.3.jpg,transfer,Grot,0,933
17,1,0,correct2,images/e35_3167-900.jpg,training,Grot,NA,984
17,1,0,correct2,images/e02_1500-233.3.jpg,training,Grot,NA,1216
17,1,0,correct2,images/e21_2333-900.jpg,training,Nobz,NA,1285
17,1,0,correct2,images/e33_3167-633.3.jpg,training,Grot,NA,1215
17,1,0,correct2,images/e16_2333-233.3.jpg,training,Grot,NA,1033
17,1,0,correct2,images/e25_2750-500.jpg,neutral,Grot,NA,1399
17,1,0,correct2,images/e48_4000-766.7.jpg,training,Grot,NA,920
17,1,0,correct2,images/e03_1500-366.7.jpg,training,Grot,NA,1313
17,1,0,correct2,images/e30_3167-233.3.jpg,transfer,Grot,0,1050
17,1,0,correct2,images/e31_3167-366.7.jpg,transfer,Grot,0,1235
17,1,0,correct2,images/e11_1917-500.jpg,neutral,Grot,NA,1364
17,1,0,correct2,images/e23_2750-233.3.jpg,neutral,Grot,NA,919
17,1,0,correct2,images/e49_4000-900.jpg,training,Nobz,NA,1532
17,1,0,correct2,images/e18_2333-500.jpg,neutral,Grot,NA,2733
17,1,0,correct2,images/e07_1500-900.jpg,training,Nobz,NA,3382
17,1,0,correct2,images/e20_2333-766.7.jpg,training,Nobz,NA,1033
17,1,0,correct2,images/e41_3583-766.7.jpg,training,Grot,NA,1167
17,1,0,correct2,images/e45_4000-366.7.jpg,transfer,Grot,0,1149
17,1,0,correct2,images/e36_3583-100.jpg,transfer,Grot,0,734
17,1,0,correct2,images/e06_1500-766.7.jpg,training,Nobz,NA,999
17,1,0,correct2,images/e39_3583-500.jpg,neutral,Grot,NA,1017
17,1,0,correct2,images/e40_3583-633.3.jpg,training,Grot,NA,533
17,1,0,correct2,images/e43_4000-100.jpg,transfer,Grot,0,683
17,1,0,correct2,images/e22_2750-100.jpg,neutral,Grot,NA,667
17,1,0,correct2,images/e14_1917-900.jpg,training,Nobz,NA,1283
17,1,0,correct2,images/e46_4000-500.jpg,neutral,Grot,NA,832
17,1,0,correct2,images/e01_1500-100.jpg,training,Grot,NA,3100
17,1,0,correct2,images/e38_3583-366.7.jpg,transfer,Grot,0,784
17,1,0,correct2,images/e44_4000-233.3.jpg,transfer,Grot,0,666
17,1,0,correct2,images/e15_2333-100.jpg,training,Grot,NA,682
17,1,0,correct2,images/e28_2750-900.jpg,neutral,Grot,NA,3667
17,1,0,correct2,images/e32_3167-500.jpg,neutral,Grot,NA,750
17,1,0,correct2,images/e27_2750-766.7.jpg,neutral,Grot,NA,1517
17,1,0,correct2,images/e26_2750-633.3.jpg,neutral,Grot,NA,883
17,1,0,correct2,images/e17_2333-366.7.jpg,training,Grot,NA,899
17,1,0,correct2,images/e05_1500-633.3.jpg,training,Grot,NA,1518
17,1,0,correct2,images/e12_1917-633.3.jpg,training,Grot,NA,1202
17,1,0,correct2,images/e24_2750-366.7.jpg,neutral,Grot,NA,1199
17,1,0,correct2,images/e08_1917-100.jpg,training,Grot,NA,931
17,1,0,correct2,images/e42_3583-900.jpg,training,Grot,NA,1103
17,1,0,correct2,images/e29_3167-100.jpg,transfer,Grot,0,766
17,1,0,correct2,images/e09_1917-233.3.jpg,training,Grot,NA,833
17,1,0,correct2,images/e34_3167-766.7.jpg,training,Grot,NA,2500
17,1,0,correct2,images/e13_1917-766.7.jpg,training,Nobz,NA,1298
17,1,0,correct2,images/e47_4000-633.3.jpg,training,Grot,NA,1382
17,1,0,correct2,images/e04_1500-500.jpg,neutral,Grot,NA,1786
18,1,1,correct1,images/e41_3583-766.7.jpg,training,Nobz,NA,2446
18,1,1,correct1,images/e20_2333-766.7.jpg,training,Grot,NA,2181
18,1,1,correct1,images/e35_3167-900.jpg,training,Nobz,NA,3100
18,1,1,correct1,images/e19_2333-633.3.jpg,training,Nobz,NA,2149
18,1,1,correct1,images/e14_1917-900.jpg,training,Grot,NA,1135
18,1,1,correct1,images/e32_3167-500.jpg,neutral,Nobz,NA,1230
18,1,1,correct1,images/e02_1500-233.3.jpg,training,Nobz,NA,1117
18,1,1,correct1,images/e29_3167-100.jpg,transfer,Nobz,0,1651
18,1,1,correct1,images/e44_4000-233.3.jpg,transfer,Nobz,0,1353
18,1,1,correct1,images/e18_2333-500.jpg,neutral,Nobz,NA,3211
18,1,1,correct1,images/e15_2333-100.jpg,training,Nobz,NA,1750
18,1,1,correct1,images/e17_2333-366.7.jpg,training,Nobz,NA,2215
18,1,1,correct1,images/e47_4000-633.3.jpg,training,Nobz,NA,1801
18,1,1,correct1,images/e11_1917-500.jpg,neutral,Grot,NA,1250
18,1,1,correct1,images/e16_2333-233.3.jpg,training,Nobz,NA,1066
18,1,1,correct1,images/e34_3167-766.7.jpg,training,Nobz,NA,1818
18,1,1,correct1,images/e31_3167-366.7.jpg,transfer,Nobz,0,948
18,1,1,correct1,images/e12_1917-633.3.jpg,training,Grot,NA,1501
18,1,1,correct1,images/e23_2750-233.3.jpg,neutral,Nobz,NA,2132
18,1,1,correct1,images/e24_2750-366.7.jpg,neutral,Nobz,NA,1900
18,1,1,correct1,images/e39_3583-500.jpg,neutral,Nobz,NA,2117
18,1,1,correct1,images/e45_4000-366.7.jpg,transfer,Nobz,0,1233
18,1,1,correct1,images/e25_2750-500.jpg,neutral,Nobz,NA,1084
18,1,1,correct1,images/e46_4000-500.jpg,neutral,Nobz,NA,808
18,1,1,correct1,images/e05_1500-633.3.jpg,training,Grot,NA,1107
18,1,1,correct1,images/e27_2750-766.7.jpg,neutral,Grot,NA,2351
18,1,1,correct1,images/e30_3167-233.3.jpg,transfer,Nobz,0,965
18,1,1,correct1,images/e22_2750-100.jpg,neutral,Nobz,NA,1300
18,1,1,correct1,images/e38_3583-366.7.jpg,transfer,Nobz,0,666
18,1,1,correct1,images/e08_1917-100.jpg,training,Nobz,NA,734
18,1,1,correct1,images/e06_1500-766.7.jpg,training,Grot,NA,1650
18,1,1,correct1,images/e10_1917-366.7.jpg,training,Nobz,NA,3068
18,1,1,correct1,images/e49_4000-900.jpg,training,Nobz,NA,1367
18,1,1,correct1,images/e48_4000-766.7.jpg,training,Nobz,NA,631
18,1,1,correct1,images/e01_1500-100.jpg,training,Nobz,NA,1249
18,1,1,correct1,images/e28_2750-900.jpg,neutral,Grot,NA,2138
18,1,1,correct1,images/e37_3583-233.3.jpg,transfer,Nobz,0,1910
18,1,1,correct1,images/e09_1917-233.3.jpg,training,Nobz,NA,1433
18,1,1,correct1,images/e07_1500-900.jpg,training,Grot,NA,1117
18,1,1,correct1,images/e33_3167-633.3.jpg,training,Nobz,NA,2565
18,1,1,correct1,images/e26_2750-633.3.jpg,neutral,Nobz,NA,1501
18,1,1,correct1,images/e43_4000-100.jpg,transfer,Nobz,0,850
18,1,1,correct1,images/e13_1917-766.7.jpg,training,Nobz,NA,1449
18,1,1,correct1,images/e21_2333-900.jpg,training,Grot,NA,2150
18,1,1,correct1,images/e42_3583-900.jpg,training,Nobz,NA,2119
18,1,1,correct1,images/e36_3583-100.jpg,transfer,Nobz,0,714
18,1,1,correct1,images/e03_1500-366.7.jpg,training,Nobz,NA,1085
18,1,1,correct1,images/e04_1500-500.jpg,neutral,Grot,NA,3280
18,1,1,correct1,images/e40_3583-633.3.jpg,training,Nobz,NA,1083
19,1,0,correct2,images/e31_3167-366.7.jpg,transfer,Grot,0,2231
19,1,0,correct2,images/e02_1500-233.3.jpg,training,Grot,NA,3806
19,1,0,correct2,images/e17_2333-366.7.jpg,training,Grot,NA,2106
19,1,0,correct2,images/e26_2750-633.3.jpg,neutral,Grot,NA,2429
19,1,0,correct2,images/e15_2333-100.jpg,training,Grot,NA,724
19,1,0,correct2,images/e25_2750-500.jpg,neutral,Grot,NA,1314
19,1,0,correct2,images/e47_4000-633.3.jpg,training,Grot,NA,1439
19,1,0,correct2,images/e12_1917-633.3.jpg,training,Nobz,NA,780
19,1,0,correct2,images/e34_3167-766.7.jpg,training,Grot,NA,918
19,1,0,correct2,images/e44_4000-233.3.jpg,transfer,Grot,0,890
19,1,0,correct2,images/e46_4000-500.jpg,neutral,Grot,NA,1039
19,1,0,correct2,images/e36_3583-100.jpg,transfer,Grot,0,926
19,1,0,correct2,images/e32_3167-500.jpg,neutral,Grot,NA,1014
19,1,0,correct2,images/e01_1500-100.jpg,training,Grot,NA,984
19,1,0,correct2,images/e10_1917-366.7.jpg,training,Grot,NA,1095
19,1,0,correct2,images/e39_3583-500.jpg,neutral,Grot,NA,611
19,1,0,correct2,images/e43_4000-100.jpg,transfer,Grot,0,550
19,1,0,correct2,images/e11_1917-500.jpg,neutral,Grot,NA,1021
19,1,0,correct2,images/e06_1500-766.7.jpg,training,Nobz,NA,803
19,1,0,correct2,images/e04_1500-500.jpg,neutral,Grot,NA,4374
19,1,0,correct2,images/e24_2750-366.7.jpg,neutral,Grot,NA,786
19,1,0,correct2,images/e13_1917-766.7.jpg,training,Nobz,NA,1473
19,1,0,correct2,images/e42_3583-900.jpg,training,Grot,NA,3069
19,1,0,correct2,images/e48_4000-766.7.jpg,training,Grot,NA,465
19,1,0,correct2,images/e38_3583-366.7.jpg,transfer,Grot,0,611
19,1,0,correct2,images/e29_3167-100.jpg,transfer,Grot,0,488
19,1,0,correct2,images/e08_1917-100.jpg,training,Grot,NA,849
19,1,0,correct2,images/e37_3583-233.3.jpg,transfer,Grot,0,545
19,1,0,correct2,images/e14_1917-900.jpg,training,Nobz,NA,1632
19,1,0,correct2,images/e05_1500-633.3.jpg,training,Grot,NA,1559
19,1,0,correct2,images/e20_2333-766.7.jpg,training,Grot,NA,1390
19,1,0,correct2,images/e07_1500-900.jpg,training,Nobz,NA,805
19,1,0,correct2,images/e33_3167-633.3.jpg,training,Grot,NA,1029
19,1,0,correct2,images/e19_2333-633.3.jpg,training,Grot,NA,747
19,1,0,correct2,images/e09_1917-233.3.jpg,training,Grot,NA,1250
19,1,0,correct2,images/e16_2333-233.3.jpg,training,Grot,NA,1077
19,1,0,correct2,images/e03_1500-366.7.jpg,training,Grot,NA,5424
19,1,0,correct2,images/e27_2750-766.7.jpg,neutral,Grot,NA,3254
19,1,0,correct2,images/e40_3583-633.3.jpg,training,Grot,NA,770
19,1,0,correct2,images/e28_2750-900.jpg,neutral,Grot,NA,854
19,1,0,correct2,images/e22_2750-100.jpg,neutral,Grot,NA,599
19,1,0,correct2,images/e35_3167-900.jpg,training,Grot,NA,577
19,1,0,correct2,images/e23_2750-233.3.jpg,neutral,Grot,NA,642
19,1,0,correct2,images/e21_2333-900.jpg,training,Nobz,NA,2165
19,1,0,correct2,images/e18_2333-500.jpg,neutral,Grot,NA,1381
19,1,0,correct2,images/e41_3583-766.7.jpg,training,Grot,NA,1385
19,1,0,correct2,images/e30_3167-233.3.jpg,transfer,Grot,0,1005
19,1,0,correct2,images/e49_4000-900.jpg,training,Grot,NA,2507
19,1,0,correct2,images/e45_4000-366.7.jpg,transfer,Grot,0,512
20,0,0,correct1,images/e37_3583-233.3.jpg,transfer,Nobz,0,4582
20,0,0,correct1,images/e05_1500-633.3.jpg,training,Grot,NA,1264
20,0,0,correct1,images/e07_1500-900.jpg,training,Grot,NA,928
20,0,0,correct1,images/e01_1500-100.jpg,training,Nobz,NA,1040
20,0,0,correct1,images/e48_4000-766.7.jpg,training,Nobz,NA,1024
20,0,0,correct1,images/e04_1500-500.jpg,neutral,Grot,NA,1152
20,0,0,correct1,images/e44_4000-233.3.jpg,transfer,Nobz,0,1136
20,0,0,correct1,images/e16_2333-233.3.jpg,training,Nobz,NA,1072
20,0,0,correct1,images/e20_2333-766.7.jpg,training,Grot,NA,2000
20,0,0,correct1,images/e43_4000-100.jpg,transfer,Nobz,0,1056
20,0,0,correct1,images/e06_1500-766.7.jpg,training,Grot,NA,1152
20,0,0,correct1,images/e39_3583-500.jpg,neutral,Nobz,NA,1680
20,0,0,correct1,images/e08_1917-100.jpg,training,Nobz,NA,1168
20,0,0,correct1,images/e13_1917-766.7.jpg,training,Grot,NA,992
20,0,0,correct1,images/e17_2333-366.7.jpg,training,Grot,NA,848
20,0,0,correct1,images/e18_2333-500.jpg,neutral,Grot,NA,2224
20,0,0,correct1,images/e42_3583-900.jpg,training,Nobz,NA,1088
20,0,0,correct1,images/e29_3167-100.jpg,transfer,Nobz,0,904
20,0,0,correct1,images/e28_2750-900.jpg,neutral,Nobz,NA,1200
20,0,0,correct1,images/e45_4000-366.7.jpg,transfer,Nobz,0,1064
20,0,0,correct1,images/e41_3583-766.7.jpg,training,Nobz,NA,760
20,0,0,correct1,images/e22_2750-100.jpg,neutral,Nobz,NA,808
20,0,0,correct1,images/e11_1917-500.jpg,neutral,Grot,NA,1152
20,0,0,correct1,images/e14_1917-900.jpg,training,Grot,NA,808
20,0,0,correct1,images/e19_2333-633.3.jpg,training,Grot,NA,1160
20,0,0,correct1,images/e03_1500-366.7.jpg,training,Grot,NA,2192
20,0,0,correct1,images/e10_1917-366.7.jpg,training,Grot,NA,1728
20,0,0,correct1,images/e36_3583-100.jpg,transfer,Nobz,0,938
20,0,0,correct1,images/e34_3167-766.7.jpg,training,Nobz,NA,766
20,0,0,correct1,images/e47_4000-633.3.jpg,training,Nobz,NA,976
20,0,0,correct1,images/e21_2333-900.jpg,training,Grot,NA,3488
20,0,0,correct1,images/e32_3167-500.jpg,neutral,Nobz,NA,2088
20,0,0,correct1,images/e49_4000-900.jpg,training,Nobz,NA,768
20,0,0,correct1,images/e46_4000-500.jpg,neutral,Nobz,NA,1072
20,0,0,correct1,images/e30_3167-233.3.jpg,transfer,Nobz,0,928
20,0,0,correct1,images/e25_2750-500.jpg,neutral,Nobz,NA,1856
20,0,0,correct1,images/e09_1917-233.3.jpg,training,Nobz,NA,1384
20,0,0,correct1,images/e26_2750-633.3.jpg,neutral,Grot,NA,3416
20,0,0,correct1,images/e40_3583-633.3.jpg,training,Nobz,NA,1320
20,0,0,correct1,images/e24_2750-366.7.jpg,neutral,Nobz,NA,840
20,0,0,correct1,images/e23_2750-233.3.jpg,neutral,Nobz,NA,976
20,0,0,correct1,images/e27_2750-766.7.jpg,neutral,Nobz,NA,1080
20,0,0,correct1,images/e15_2333-100.jpg,training,Nobz,NA,1072
20,0,0,correct1,images/e31_3167-366.7.jpg,transfer,Nobz,0,816
20,0,0,correct1,images/e33_3167-633.3.jpg,training,Nobz,NA,912
20,0,0,correct1,images/e02_1500-233.3.jpg,training,Nobz,NA,1000
20,0,0,correct1,images/e12_1917-633.3.jpg,training,Grot,NA,1248
20,0,0,correct1,images/e38_3583-366.7.jpg,transfer,Nobz,0,1040
20,0,0,correct1,images/e35_3167-900.jpg,training,Nobz,NA,720
21,0,0,correct1,images/e34_3167-766.7.jpg,training,Nobz,NA,2007
21,0,0,correct1,images/e27_2750-766.7.jpg,neutral,Nobz,NA,1089
21,0,0,correct1,images/e16_2333-233.3.jpg,training,Nobz,NA,1229
21,0,0,correct1,images/e15_2333-100.jpg,training,Nobz,NA,2222
21,0,0,correct1,images/e01_1500-100.jpg,training,Nobz,NA,1081
21,0,0,correct1,images/e36_3583-100.jpg,transfer,Nobz,0,4841
21,0,0,correct1,images/e17_2333-366.7.jpg,training,Nobz,NA,822
21,0,0,correct1,images/e42_3583-900.jpg,training,Nobz,NA,1236
21,0,0,correct1,images/e33_3167-633.3.jpg,training,Nobz,NA,3512
21,0,0,correct1,images/e03_1500-366.7.jpg,training,Nobz,NA,1678
21,0,0,correct1,images/e26_2750-633.3.jpg,neutral,Nobz,NA,1857
21,0,0,correct1,images/e28_2750-900.jpg,neutral,Nobz,NA,2132
21,0,0,correct1,images/e06_1500-766.7.jpg,training,Grot,NA,865
21,0,0,correct1,images/e44_4000-233.3.jpg,transfer,Nobz,0,2224
21,0,0,correct1,images/e37_3583-233.3.jpg,transfer,Nobz,0,1061
21,0,0,correct1,images/e07_1500-900.jpg,training,Grot,NA,3584
21,0,0,correct1,images/e45_4000-366.7.jpg,transfer,Nobz,0,1337
21,0,0,correct1,images/e09_1917-233.3.jpg,training,Nobz,NA,2746
21,0,0,correct1,images/e19_2333-633.3.jpg,training,Grot,NA,3664
21,0,0,correct1,images/e08_1917-100.jpg,training,Nobz,NA,1686
21,0,0,correct1,images/e32_3167-500.jpg,neutral,Nobz,NA,7668
21,0,0,correct1,images/e46_4000-500.jpg,neutral,Nobz,NA,1391
21,0,0,correct1,images/e02_1500-233.3.jpg,training,Nobz,NA,1113
21,0,0,correct1,images/e22_2750-100.jpg,neutral,Nobz,NA,928
21,0,0,correct1,images/e24_2750-366.7.jpg,neutral,Nobz,NA,904
21,0,0,correct1,images/e21_2333-900.jpg,training,Grot,NA,1477
21,0,0,correct1,images/e25_2750-500.jpg,neutral,Grot,NA,3312
21,0,0,correct1,images/e35_3167-900.jpg,training,Nobz,NA,3491
21,0,0,correct1,images/e23_2750-233.3.jpg,neutral,Nobz,NA,1106
21,0,0,correct1,images/e30_3167-233.3.jpg,transfer,Nobz,0,681
21,0,0,correct1,images/e10_1917-366.7.jpg,training,Nobz,NA,625
21,0,0,correct1,images/e18_2333-500.jpg,neutral,Nobz,NA,1532
21,0,0,correct1,images/e29_3167-100.jpg,transfer,Nobz,0,683
21,0,0,correct1,images/e49_4000-900.jpg,training,Nobz,NA,1298
21,0,0,correct1,images/e12_1917-633.3.jpg,training,Grot,NA,1233
21,0,0,correct1,images/e14_1917-900.jpg,training,Grot,NA,973
21,0,0,correct1,images/e38_3583-366.7.jpg,transfer,Nobz,0,1153
21,0,0,correct1,images/e04_1500-500.jpg,neutral,Nobz,NA,1000
21,0,0,correct1,images/e39_3583-500.jpg,neutral,Nobz,NA,1156
21,0,0,correct1,images/e41_3583-766.7.jpg,training,Nobz,NA,2924
21,0,0,correct1,images/e40_3583-633.3.jpg,training,Nobz,NA,3445
21,0,0,correct1,images/e47_4000-633.3.jpg,training,Nobz,NA,878
21,0,0,correct1,images/e31_3167-366.7.jpg,transfer,Grot,1,626
21,0,0,correct1,images/e20_2333-766.7.jpg,training,Nobz,NA,808
21,0,0,correct1,images/e11_1917-500.jpg,neutral,Nobz,NA,2704
21,0,0,correct1,images/e13_1917-766.7.jpg,training,Grot,NA,2920
21,0,0,correct1,images/e48_4000-766.7.jpg,training,Nobz,NA,3855
21,0,0,correct1,images/e05_1500-633.3.jpg,training,Grot,NA,1081
21,0,0,correct1,images/e43_4000-100.jpg,transfer,Nobz,0,1125
22,0,1,correct2,images/e05_1500-633.3.jpg,training,Nobz,NA,1182
22,0,1,correct2,images/e48_4000-766.7.jpg,training,Grot,NA,1109
22,0,1,correct2,images/e37_3583-233.3.jpg,transfer,Grot,0,1861
22,0,1,correct2,images/e47_4000-633.3.jpg,training,Grot,NA,1165
22,0,1,correct2,images/e13_1917-766.7.jpg,training,Nobz,NA,1084
22,0,1,correct2,images/e43_4000-100.jpg,transfer,Grot,0,1117
22,0,1,correct2,images/e24_2750-366.7.jpg,neutral,Grot,NA,2177
22,0,1,correct2,images/e06_1500-766.7.jpg,training,Nobz,NA,928
22,0,1,correct2,images/e11_1917-500.jpg,neutral,Nobz,NA,1038
22,0,1,correct2,images/e29_3167-100.jpg,transfer,Grot,0,954
22,0,1,correct2,images/e32_3167-500.jpg,neutral,Grot,NA,2356
22,0,1,correct2,images/e27_2750-766.7.jpg,neutral,Nobz,NA,1050
22,0,1,correct2,images/e42_3583-900.jpg,training,Grot,NA,2521
22,0,1,correct2,images/e21_2333-900.jpg,training,Nobz,NA,949
22,0,1,correct2,images/e33_3167-633.3.jpg,training,Nobz,NA,2450
22,0,1,correct2,images/e22_2750-100.jpg,neutral,Grot,NA,1004
22,0,1,correct2,images/e02_1500-233.3.jpg,training,Grot,NA,989
22,0,1,correct2,images/e14_1917-900.jpg,training,Nobz,NA,973
22,0,1,correct2,images/e35_3167-900.jpg,training,Nobz,NA,924
22,0,1,correct2,images/e19_2333-633.3.jpg,training,Nobz,NA,1134
22,0,1,correct2,images/e20_2333-766.7.jpg,training,Nobz,NA,514
22,0,1,correct2,images/e12_1917-633.3.jpg,training,Nobz,NA,657
22,0,1,correct2,images/e10_1917-366.7.jpg,training,Grot,NA,1543
22,0,1,correct2,images/e26_2750-633.3.jpg,neutral,Nobz,NA,1654
22,0,1,correct2,images/e31_3167-366.7.jpg,transfer,Grot,0,2698
22,0,1,correct2,images/e39_3583-500.jpg,neutral,Grot,NA,1422
22,0,1,correct2,images/e16_2333-233.3.jpg,training,Grot,NA,928
22,0,1,correct2,images/e44_4000-233.3.jpg,transfer,Grot,0,586
22,0,1,correct2,images/e36_3583-100.jpg,transfer,Grot,0,746
22,0,1,correct2,images/e23_2750-233.3.jpg,neutral,Grot,NA,1242
22,0,1,correct2,images/e30_3167-233.3.jpg,transfer,Grot,0,2244
22,0,1,correct2,images/e41_3583-766.7.jpg,training,Grot,NA,1578
22,0,1,correct2,images/e18_2333-500.jpg,neutral,Nobz,NA,1590
22,0,1,correct2,images/e01_1500-100.jpg,training,Grot,NA,7368
22,0,1,correct2,images/e09_1917-233.3.jpg,training,Grot,NA,2562
22,0,1,correct2,images/e28_2750-900.jpg,neutral,Nobz,NA,2138
22,0,1,correct2,images/e07_1500-900.jpg,training,Nobz,NA,692
22,0,1,correct2,images/e40_3583-633.3.jpg,training,Grot,NA,3596
22,0,1,correct2,images/e49_4000-900.jpg,training,Grot,NA,600
22,0,1,correct2,images/e17_2333-366.7.jpg,training,Grot,NA,1096
22,0,1,correct2,images/e03_1500-366.7.jpg,training,Grot,NA,1183
22,0,1,correct2,images/e45_4000-366.7.jpg,transfer,Grot,0,833
22,0,1,correct2,images/e38_3583-366.7.jpg,transfer,Grot,0,812
22,0,1,correct2,images/e15_2333-100.jpg,training,Grot,NA,797
22,0,1,correct2,images/e46_4000-500.jpg,neutral,Grot,NA,907
22,0,1,correct2,images/e34_3167-766.7.jpg,training,Nobz,NA,1629
22,0,1,correct2,images/e08_1917-100.jpg,training,Grot,NA,867
22,0,1,correct2,images/e25_2750-500.jpg,neutral,Nobz,NA,1635
22,0,1,correct2,images/e04_1500-500.jpg,neutral,Nobz,NA,808
23,1,0,correct1,images/e47_4000-633.3.jpg,training,Nobz,NA,1926
23,1,0,correct1,images/e32_3167-500.jpg,neutral,Nobz,NA,2864
23,1,0,correct1,images/e14_1917-900.jpg,training,Grot,NA,984
23,1,0,correct1,images/e16_2333-233.3.jpg,training,Nobz,NA,936
23,1,0,correct1,images/e05_1500-633.3.jpg,training,Nobz,NA,1048
23,1,0,correct1,images/e17_2333-366.7.jpg,training,Nobz,NA,704
23,1,0,correct1,images/e15_2333-100.jpg,training,Nobz,NA,616
23,1,0,correct1,images/e13_1917-766.7.jpg,training,Grot,NA,848
23,1,0,correct1,images/e43_4000-100.jpg,transfer,Grot,1,3088
23,1,0,correct1,images/e24_2750-366.7.jpg,neutral,Grot,NA,3160
23,1,0,correct1,images/e33_3167-633.3.jpg,training,Nobz,NA,1632
23,1,0,correct1,images/e01_1500-100.jpg,training,Nobz,NA,1280
23,1,0,correct1,images/e35_3167-900.jpg,training,Grot,NA,2512
23,1,0,correct1,images/e40_3583-633.3.jpg,training,Nobz,NA,800
23,1,0,correct1,images/e21_2333-900.jpg,training,Grot,NA,2296
23,1,0,correct1,images/e46_4000-500.jpg,neutral,Nobz,NA,1264
23,1,0,correct1,images/e42_3583-900.jpg,training,Nobz,NA,1896
23,1,0,correct1,images/e34_3167-766.7.jpg,training,Nobz,NA,1184
23,1,0,correct1,images/e08_1917-100.jpg,training,Nobz,NA,1248
23,1,0,correct1,images/e31_3167-366.7.jpg,transfer,Nobz,0,760
23,1,0,correct1,images/e30_3167-233.3.jpg,transfer,Nobz,0,512
23,1,0,correct1,images/e28_2750-900.jpg,neutral,Grot,NA,1152
23,1,0,correct1,images/e06_1500-766.7.jpg,training,Grot,NA,608
23,1,0,correct1,images/e37_3583-233.3.jpg,transfer,Nobz,0,920
23,1,0,correct1,images/e38_3583-366.7.jpg,transfer,Nobz,0,576
23,1,0,correct1,images/e12_1917-633.3.jpg,training,Nobz,NA,1912
23,1,0,correct1,images/e10_1917-366.7.jpg,training,Nobz,NA,536
23,1,0,correct1,images/e18_2333-500.jpg,neutral,Nobz,NA,656
23,1,0,correct1,images/e09_1917-233.3.jpg,training,Nobz,NA,640
23,1,0,correct1,images/e36_3583-100.jpg,transfer,Nobz,0,656
23,1,0,correct1,images/e07_1500-900.jpg,training,Grot,NA,1056
23,1,0,correct1,images/e23_2750-233.3.jpg,neutral,Nobz,NA,1064
23,1,0,correct1,images/e29_3167-100.jpg,transfer,Nobz,0,640
23,1,0,correct1,images/e04_1500-500.jpg,neutral,Nobz,NA,920
23,1,0,correct1,images/e19_2333-633.3.jpg,training,Nobz,NA,672
23,1,0,correct1,images/e22_2750-100.jpg,neutral,Nobz,NA,736
23,1,0,correct1,images/e44_4000-233.3.jpg,transfer,Nobz,0,656
23,1,0,correct1,images/e03_1500-366.7.jpg,training,Nobz,NA,1760
23,1,0,correct1,images/e27_2750-766.7.jpg,neutral,Grot,NA,1088
23,1,0,correct1,images/e39_3583-500.jpg,neutral,Nobz,NA,1336
23,1,0,correct1,images/e41_3583-766.7.jpg,training,Grot,NA,3375
23,1,0,correct1,images/e49_4000-900.jpg,training,Nobz,NA,1023
23,1,0,correct1,images/e20_2333-766.7.jpg,training,Nobz,NA,1265
23,1,0,correct1,images/e48_4000-766.7.jpg,training,Nobz,NA,992
23,1,0,correct1,images/e11_1917-500.jpg,neutral,Grot,NA,1400
23,1,0,correct1,images/e02_1500-233.3.jpg,training,Nobz,NA,1064
23,1,0,correct1,images/e25_2750-500.jpg,neutral,Nobz,NA,911
23,1,0,correct1,images/e26_2750-633.3.jpg,neutral,Grot,NA,1360
23,1,0,correct1,images/e45_4000-366.7.jpg,transfer,Nobz,0,1303
24,1,1,correct2,images/e30_3167-233.3.jpg,transfer,Nobz,1,10761
24,1,1,correct2,images/e31_3167-366.7.jpg,transfer,Nobz,1,7980
24,1,1,correct2,images/e32_3167-500.jpg,neutral,Grot,NA,6685
24,1,1,correct2,images/e08_1917-100.jpg,training,Grot,NA,2067
24,1,1,correct2,images/e49_4000-900.jpg,training,Grot,NA,2046
24,1,1,correct2,images/e39_3583-500.jpg,neutral,Grot,NA,5558
24,1,1,correct2,images/e44_4000-233.3.jpg,transfer,Nobz,1,2834
24,1,1,correct2,images/e28_2750-900.jpg,neutral,Nobz,NA,5815
24,1,1,correct2,images/e24_2750-366.7.jpg,neutral,Grot,NA,1413
24,1,1,correct2,images/e40_3583-633.3.jpg,training,Grot,NA,2484
24,1,1,correct2,images/e21_2333-900.jpg,training,Nobz,NA,1358
24,1,1,correct2,images/e07_1500-900.jpg,training,Nobz,NA,859
24,1,1,correct2,images/e10_1917-366.7.jpg,training,Grot,NA,1312
24,1,1,correct2,images/e29_3167-100.jpg,transfer,Nobz,1,11281
24,1,1,correct2,images/e48_4000-766.7.jpg,training,Nobz,NA,1243
24,1,1,correct2,images/e45_4000-366.7.jpg,transfer,Grot,0,10852
24,1,1,correct2,images/e34_3167-766.7.jpg,training,Grot,NA,1618
24,1,1,correct2,images/e14_1917-900.jpg,training,Nobz,NA,1062
24,1,1,correct2,images/e25_2750-500.jpg,neutral,Nobz,NA,936
24,1,1,correct2,images/e04_1500-500.jpg,neutral,Grot,NA,2562
24,1,1,correct2,images/e17_2333-366.7.jpg,training,Grot,NA,1477
24,1,1,correct2,images/e16_2333-233.3.jpg,training,Grot,NA,728
24,1,1,correct2,images/e20_2333-766.7.jpg,training,Nobz,NA,1302
24,1,1,correct2,images/e41_3583-766.7.jpg,training,Grot,NA,2278
24,1,1,correct2,images/e02_1500-233.3.jpg,training,Grot,NA,1457
24,1,1,correct2,images/e37_3583-233.3.jpg,transfer,Grot,0,775
24,1,1,correct2,images/e23_2750-233.3.jpg,neutral,Grot,NA,1680
24,1,1,correct2,images/e01_1500-100.jpg,training,Grot,NA,1372
24,1,1,correct2,images/e18_2333-500.jpg,neutral,Nobz,NA,1146
24,1,1,correct2,images/e46_4000-500.jpg,neutral,Grot,NA,3242
24,1,1,correct2,images/e35_3167-900.jpg,training,Grot,NA,1713
24,1,1,correct2,images/e03_1500-366.7.jpg,training,Grot,NA,1620
24,1,1,correct2,images/e22_2750-100.jpg,neutral,Grot,NA,1934
24,1,1,correct2,images/e27_2750-766.7.jpg,neutral,Nobz,NA,4549
24,1,1,correct2,images/e38_3583-366.7.jpg,transfer,Nobz,1,9588
24,1,1,correct2,images/e15_2333-100.jpg,training,Grot,NA,2491
24,1,1,correct2,images/e09_1917-233.3.jpg,training,Grot,NA,3067
24,1,1,correct2,images/e19_2333-633.3.jpg,training,Nobz,NA,2400
24,1,1,correct2,images/e47_4000-633.3.jpg,training,Grot,NA,1215
24,1,1,correct2,images/e26_2750-633.3.jpg,neutral,Nobz,NA,1558
24,1,1,correct2,images/e42_3583-900.jpg,training,Nobz,NA,1475
24,1,1,correct2,images/e12_1917-633.3.jpg,training,Nobz,NA,1626
24,1,1,correct2,images/e06_1500-766.7.jpg,training,Nobz,NA,1475
24,1,1,correct2,images/e05_1500-633.3.jpg,training,Nobz,NA,3323
24,1,1,correct2,images/e33_3167-633.3.jpg,training,Grot,NA,1961
24,1,1,correct2,images/e36_3583-100.jpg,transfer,Nobz,1,1849
24,1,1,correct2,images/e13_1917-766.7.jpg,training,Nobz,NA,2688
24,1,1,correct2,images/e11_1917-500.jpg,neutral,Nobz,NA,611
24,1,1,correct2,images/e43_4000-100.jpg,transfer,Nobz,1,2995
25,0,0,correct1,images/e32_3167-500.jpg,neutral,Nobz,NA,5683
25,0,0,correct1,images/e48_4000-766.7.jpg,training,Nobz,NA,882
25,0,0,correct1,images/e13_1917-766.7.jpg,training,Grot,NA,1190
25,0,0,correct1,images/e33_3167-633.3.jpg,training,Nobz,NA,1390
25,0,0,correct1,images/e45_4000-366.7.jpg,transfer,Nobz,0,886
25,0,0,correct1,images/e23_2750-233.3.jpg,neutral,Nobz,NA,1292
25,0,0,correct1,images/e09_1917-233.3.jpg,training,Nobz,NA,729
25,0,0,correct1,images/e07_1500-900.jpg,training,Grot,NA,1108
25,0,0,correct1,images/e12_1917-633.3.jpg,training,Grot,NA,603
25,0,0,correct1,images/e28_2750-900.jpg,neutral,Grot,NA,672
25,0,0,correct1,images/e41_3583-766.7.jpg,training,Nobz,NA,1248
25,0,0,correct1,images/e39_3583-500.jpg,neutral,Nobz,NA,718
25,0,0,correct1,images/e47_4000-633.3.jpg,training,Nobz,NA,756
25,0,0,correct1,images/e26_2750-633.3.jpg,neutral,Nobz,NA,660
25,0,0,correct1,images/e27_2750-766.7.jpg,neutral,Nobz,NA,2397
25,0,0,correct1,images/e04_1500-500.jpg,neutral,Grot,NA,811
25,0,0,correct1,images/e37_3583-233.3.jpg,transfer,Nobz,0,3334
25,0,0,correct1,images/e18_2333-500.jpg,neutral,Nobz,NA,3894
25,0,0,correct1,images/e02_1500-233.3.jpg,training,Nobz,NA,1462
25,0,0,correct1,images/e35_3167-900.jpg,training,Nobz,NA,1366
25,0,0,correct1,images/e24_2750-366.7.jpg,neutral,Nobz,NA,1080
25,0,0,correct1,images/e21_2333-900.jpg,training,Grot,NA,1412
25,0,0,correct1,images/e30_3167-233.3.jpg,transfer,Nobz,0,1128
25,0,0,correct1,images/e05_1500-633.3.jpg,training,Grot,NA,5012
25,0,0,correct1,images/e38_3583-366.7.jpg,transfer,Nobz,0,986
25,0,0,correct1,images/e16_2333-233.3.jpg,training,Nobz,NA,1618
25,0,0,correct1,images/e31_3167-366.7.jpg,transfer,Nobz,0,1254
25,0,0,correct1,images/e25_2750-500.jpg,neutral,Nobz,NA,2110
25,0,0,correct1,images/e08_1917-100.jpg,training,Nobz,NA,1042
25,0,0,correct1,images/e29_3167-100.jpg,transfer,Nobz,0,568
25,0,0,correct1,images/e15_2333-100.jpg,training,Nobz,NA,1616
25,0,0,correct1,images/e44_4000-233.3.jpg,transfer,Nobz,0,3004
25,0,0,correct1,images/e01_1500-100.jpg,training,Nobz,NA,656
25,0,0,correct1,images/e34_3167-766.7.jpg,training,Nobz,NA,1068
25,0,0,correct1,images/e46_4000-500.jpg,neutral,Nobz,NA,552
25,0,0,correct1,images/e42_3583-900.jpg,training,Nobz,NA,2302
25,0,0,correct1,images/e10_1917-366.7.jpg,training,Nobz,NA,1384
25,0,0,correct1,images/e03_1500-366.7.jpg,training,Nobz,NA,516
25,0,0,correct1,images/e43_4000-100.jpg,transfer,Nobz,0,656
25,0,0,correct1,images/e22_2750-100.jpg,neutral,Nobz,NA,1186
25,0,0,correct1,images/e49_4000-900.jpg,training,Nobz,NA,1520
25,0,0,correct1,images/e11_1917-500.jpg,neutral,Grot,NA,2826
25,0,0,correct1,images/e36_3583-100.jpg,transfer,Nobz,0,942
25,0,0,correct1,images/e14_1917-900.jpg,training,Grot,NA,2324
25,0,0,correct1,images/e06_1500-766.7.jpg,training,Grot,NA,540
25,0,0,correct1,images/e19_2333-633.3.jpg,training,Grot,NA,758
25,0,0,correct1,images/e40_3583-633.3.jpg,training,Nobz,NA,994
25,0,0,correct1,images/e17_2333-366.7.jpg,training,Nobz,NA,1732
25,0,0,correct1,images/e20_2333-766.7.jpg,training,Grot,NA,2392
26,0,1,correct1,images/e42_3583-900.jpg,training,Nobz,NA,2668
26,0,1,correct1,images/e38_3583-366.7.jpg,transfer,Nobz,0,1505
26,0,1,correct1,images/e39_3583-500.jpg,neutral,Nobz,NA,1257
26,0,1,correct1,images/e09_1917-233.3.jpg,training,Nobz,NA,1740
26,0,1,correct1,images/e29_3167-100.jpg,transfer,Nobz,0,872
26,0,1,correct1,images/e46_4000-500.jpg,neutral,Nobz,NA,1058
26,0,1,correct1,images/e36_3583-100.jpg,transfer,Nobz,0,914
26,0,1,correct1,images/e25_2750-500.jpg,neutral,Nobz,NA,1876
26,0,1,correct1,images/e14_1917-900.jpg,training,Grot,NA,1385
26,0,1,correct1,images/e20_2333-766.7.jpg,training,Grot,NA,2365
26,0,1,correct1,images/e32_3167-500.jpg,neutral,Nobz,NA,1331
26,0,1,correct1,images/e26_2750-633.3.jpg,neutral,Nobz,NA,1407
26,0,1,correct1,images/e19_2333-633.3.jpg,training,Nobz,NA,1209
26,0,1,correct1,images/e22_2750-100.jpg,neutral,Nobz,NA,2838
26,0,1,correct1,images/e21_2333-900.jpg,training,Grot,NA,4432
26,0,1,correct1,images/e49_4000-900.jpg,training,Nobz,NA,1433
26,0,1,correct1,images/e31_3167-366.7.jpg,transfer,Nobz,0,1114
26,0,1,correct1,images/e01_1500-100.jpg,training,Nobz,NA,856
26,0,1,correct1,images/e17_2333-366.7.jpg,training,Nobz,NA,673
26,0,1,correct1,images/e34_3167-766.7.jpg,training,Nobz,NA,1442
26,0,1,correct1,images/e47_4000-633.3.jpg,training,Nobz,NA,720
26,0,1,correct1,images/e27_2750-766.7.jpg,neutral,Nobz,NA,897
26,0,1,correct1,images/e02_1500-233.3.jpg,training,Nobz,NA,1633
26,0,1,correct1,images/e05_1500-633.3.jpg,training,Nobz,NA,1842
26,0,1,correct1,images/e10_1917-366.7.jpg,training,Nobz,NA,4009
26,0,1,correct1,images/e11_1917-500.jpg,neutral,Nobz,NA,952
26,0,1,correct1,images/e37_3583-233.3.jpg,transfer,Nobz,0,2936
26,0,1,correct1,images/e40_3583-633.3.jpg,training,Nobz,NA,1426
26,0,1,correct1,images/e18_2333-500.jpg,neutral,Nobz,NA,2204
26,0,1,correct1,images/e48_4000-766.7.jpg,training,Nobz,NA,1026
26,0,1,correct1,images/e15_2333-100.jpg,training,Nobz,NA,969
26,0,1,correct1,images/e30_3167-233.3.jpg,transfer,Nobz,0,808
26,0,1,correct1,images/e28_2750-900.jpg,neutral,Nobz,NA,4929
26,0,1,correct1,images/e08_1917-100.jpg,training,Nobz,NA,1459
26,0,1,correct1,images/e41_3583-766.7.jpg,training,Nobz,NA,1329
26,0,1,correct1,images/e16_2333-233.3.jpg,training,Nobz,NA,1346
26,0,1,correct1,images/e24_2750-366.7.jpg,neutral,Nobz,NA,1154
26,0,1,correct1,images/e06_1500-766.7.jpg,training,Grot,NA,1450
26,0,1,correct1,images/e44_4000-233.3.jpg,transfer,Nobz,0,1730
26,0,1,correct1,images/e03_1500-366.7.jpg,training,Nobz,NA,1130
26,0,1,correct1,images/e12_1917-633.3.jpg,training,Grot,NA,1714
26,0,1,correct1,images/e45_4000-366.7.jpg,transfer,Nobz,0,1330
26,0,1,correct1,images/e33_3167-633.3.jpg,training,Nobz,NA,559
26,0,1,correct1,images/e07_1500-900.jpg,training,Grot,NA,1482
26,0,1,correct1,images/e13_1917-766.7.jpg,training,Grot,NA,602
26,0,1,correct1,images/e43_4000-100.jpg,transfer,Nobz,0,1226
26,0,1,correct1,images/e23_2750-233.3.jpg,neutral,Nobz,NA,760
26,0,1,correct1,images/e35_3167-900.jpg,training,Nobz,NA,1041
26,0,1,correct1,images/e04_1500-500.jpg,neutral,Grot,NA,1235
27,1,0,correct2,images/e32_3167-500.jpg,neutral,Grot,NA,1623
27,1,0,correct2,images/e43_4000-100.jpg,transfer,Grot,0,1570
27,1,0,correct2,images/e25_2750-500.jpg,neutral,Grot,NA,4974
27,1,0,correct2,images/e13_1917-766.7.jpg,training,Nobz,NA,1162
27,1,0,correct2,images/e39_3583-500.jpg,neutral,Grot,NA,1178
27,1,0,correct2,images/e49_4000-900.jpg,training,Grot,NA,1363
27,1,0,correct2,images/e21_2333-900.jpg,training,Nobz,NA,1023
27,1,0,correct2,images/e16_2333-233.3.jpg,training,Grot,NA,1063
27,1,0,correct2,images/e38_3583-366.7.jpg,transfer,Grot,0,1046
27,1,0,correct2,images/e35_3167-900.jpg,training,Nobz,NA,1053
27,1,0,correct2,images/e33_3167-633.3.jpg,training,Grot,NA,4288
27,1,0,correct2,images/e02_1500-233.3.jpg,training,Grot,NA,1121
27,1,0,correct2,images/e42_3583-900.jpg,training,Nobz,NA,1087
27,1,0,correct2,images/e19_2333-633.3.jpg,training,Grot,NA,3455
27,1,0,correct2,images/e27_2750-766.7.jpg,neutral,Grot,NA,1525
27,1,0,correct2,images/e47_4000-633.3.jpg,training,Grot,NA,1199
27,1,0,correct2,images/e34_3167-766.7.jpg,training,Nobz,NA,930
27,1,0,correct2,images/e23_2750-233.3.jpg,neutral,Grot,NA,1005
27,1,0,correct2,images/e22_2750-100.jpg,neutral,Grot,NA,1022
27,1,0,correct2,images/e36_3583-100.jpg,transfer,Grot,0,1122
27,1,0,correct2,images/e26_2750-633.3.jpg,neutral,Nobz,NA,1636
27,1,0,correct2,images/e08_1917-100.jpg,training,Grot,NA,2382
27,1,0,correct2,images/e18_2333-500.jpg,neutral,Grot,NA,2259
27,1,0,correct2,images/e46_4000-500.jpg,neutral,Grot,NA,1247
27,1,0,correct2,images/e40_3583-633.3.jpg,training,Grot,NA,1862
27,1,0,correct2,images/e06_1500-766.7.jpg,training,Nobz,NA,1146
27,1,0,correct2,images/e03_1500-366.7.jpg,training,Grot,NA,2083
27,1,0,correct2,images/e07_1500-900.jpg,training,Nobz,NA,1222
27,1,0,correct2,images/e48_4000-766.7.jpg,training,Grot,NA,1386
27,1,0,correct2,images/e11_1917-500.jpg,neutral,Grot,NA,3505
27,1,0,correct2,images/e05_1500-633.3.jpg,training,Nobz,NA,1197
27,1,0,correct2,images/e31_3167-366.7.jpg,transfer,Grot,0,1228
27,1,0,correct2,images/e30_3167-233.3.jpg,transfer,Grot,0,1179
27,1,0,correct2,images/e44_4000-233.3.jpg,transfer,Grot,0,1155
27,1,0,correct2,images/e04_1500-500.jpg,neutral,Grot,NA,1215
27,1,0,correct2,images/e14_1917-900.jpg,training,Nobz,NA,952
27,1,0,correct2,images/e01_1500-100.jpg,training,Grot,NA,1311
27,1,0,correct2,images/e45_4000-366.7.jpg,transfer,Grot,0,1761
27,1,0,correct2,images/e28_2750-900.jpg,neutral,Nobz,NA,2113
27,1,0,correct2,images/e15_2333-100.jpg,training,Grot,NA,1236
27,1,0,correct2,images/e12_1917-633.3.jpg,training,Grot,NA,2218
27,1,0,correct2,images/e17_2333-366.7.jpg,training,Grot,NA,1069
27,1,0,correct2,images/e10_1917-366.7.jpg,training,Grot,NA,1247
27,1,0,correct2,images/e24_2750-366.7.jpg,neutral,Grot,NA,1529
27,1,0,correct2,images/e09_1917-233.3.jpg,training,Grot,NA,1098
27,1,0,correct2,images/e29_3167-100.jpg,transfer,Grot,0,1137
27,1,0,correct2,images/e41_3583-766.7.jpg,training,Grot,NA,1256
27,1,0,correct2,images/e37_3583-233.3.jpg,transfer,Grot,0,1352
27,1,0,correct2,images/e20_2333-766.7.jpg,training,Grot,NA,1196
28,1,1,correct1,images/e24_2750-366.7.jpg,neutral,Grot,NA,3405
28,1,1,correct1,images/e01_1500-100.jpg,training,Nobz,NA,1599
28,1,1,correct1,images/e04_1500-500.jpg,neutral,Nobz,NA,3791
28,1,1,correct1,images/e48_4000-766.7.jpg,training,Nobz,NA,1831
28,1,1,correct1,images/e09_1917-233.3.jpg,training,Nobz,NA,1131
28,1,1,correct1,images/e42_3583-900.jpg,training,Nobz,NA,906
28,1,1,correct1,images/e38_3583-366.7.jpg,transfer,Grot,1,1668
28,1,1,correct1,images/e18_2333-500.jpg,neutral,Nobz,NA,1871
28,1,1,correct1,images/e27_2750-766.7.jpg,neutral,Grot,NA,1920
28,1,1,correct1,images/e34_3167-766.7.jpg,training,Nobz,NA,1862
28,1,1,correct1,images/e40_3583-633.3.jpg,training,Nobz,NA,3188
28,1,1,correct1,images/e39_3583-500.jpg,neutral,Nobz,NA,1304
28,1,1,correct1,images/e49_4000-900.jpg,training,Nobz,NA,1102
28,1,1,correct1,images/e08_1917-100.jpg,training,Nobz,NA,1061
28,1,1,correct1,images/e12_1917-633.3.jpg,training,Grot,NA,1959
28,1,1,correct1,images/e21_2333-900.jpg,training,Grot,NA,1481
28,1,1,correct1,images/e45_4000-366.7.jpg,transfer,Nobz,0,1648
28,1,1,correct1,images/e20_2333-766.7.jpg,training,Grot,NA,2036
28,1,1,correct1,images/e26_2750-633.3.jpg,neutral,Nobz,NA,1403
28,1,1,correct1,images/e46_4000-500.jpg,neutral,Grot,NA,1872
28,1,1,correct1,images/e10_1917-366.7.jpg,training,Nobz,NA,3372
28,1,1,correct1,images/e37_3583-233.3.jpg,transfer,Nobz,0,1306
28,1,1,correct1,images/e31_3167-366.7.jpg,transfer,Nobz,0,1862
28,1,1,correct1,images/e47_4000-633.3.jpg,training,Grot,NA,2681
28,1,1,correct1,images/e22_2750-100.jpg,neutral,Nobz,NA,2221
28,1,1,correct1,images/e33_3167-633.3.jpg,training,Grot,NA,2358
28,1,1,correct1,images/e03_1500-366.7.jpg,training,Nobz,NA,965
28,1,1,correct1,images/e02_1500-233.3.jpg,training,Nobz,NA,1170
28,1,1,correct1,images/e17_2333-366.7.jpg,training,Grot,NA,3996
28,1,1,correct1,images/e23_2750-233.3.jpg,neutral,Nobz,NA,1121
28,1,1,correct1,images/e15_2333-100.jpg,training,Nobz,NA,1179
28,1,1,correct1,images/e13_1917-766.7.jpg,training,Grot,NA,3071
28,1,1,correct1,images/e14_1917-900.jpg,training,Grot,NA,1111
28,1,1,correct1,images/e43_4000-100.jpg,transfer,Grot,1,2349
28,1,1,correct1,images/e32_3167-500.jpg,neutral,Nobz,NA,7698
28,1,1,correct1,images/e30_3167-233.3.jpg,transfer,Nobz,0,1930
28,1,1,correct1,images/e11_1917-500.jpg,neutral,Grot,NA,2524
28,1,1,correct1,images/e29_3167-100.jpg,transfer,Nobz,0,1307
28,1,1,correct1,images/e06_1500-766.7.jpg,training,Grot,NA,1462
28,1,1,correct1,images/e41_3583-766.7.jpg,training,Nobz,NA,1510
28,1,1,correct1,images/e16_2333-233.3.jpg,training,Nobz,NA,1969
28,1,1,correct1,images/e19_2333-633.3.jpg,training,Grot,NA,1267
28,1,1,correct1,images/e07_1500-900.jpg,training,Grot,NA,1033
28,1,1,correct1,images/e25_2750-500.jpg,neutral,Grot,NA,1833
28,1,1,correct1,images/e05_1500-633.3.jpg,training,Grot,NA,1539
28,1,1,correct1,images/e28_2750-900.jpg,neutral,Grot,NA,2251
28,1,1,correct1,images/e44_4000-233.3.jpg,transfer,Nobz,0,2934
28,1,1,correct1,images/e36_3583-100.jpg,transfer,Nobz,0,1208
28,1,1,correct1,images/e35_3167-900.jpg,training,Nobz,NA,1949
29,0,0,correct1,images/e03_1500-366.7.jpg,training,Nobz,NA,1358
29,0,0,correct1,images/e08_1917-100.jpg,training,Nobz,NA,946
29,0,0,correct1,images/e35_3167-900.jpg,training,Nobz,NA,1936
29,0,0,correct1,images/e22_2750-100.jpg,neutral,Nobz,NA,1000
29,0,0,correct1,images/e36_3583-100.jpg,transfer,Nobz,0,1930
29,0,0,correct1,images/e25_2750-500.jpg,neutral,Nobz,NA,1134
29,0,0,correct1,images/e31_3167-366.7.jpg,transfer,Nobz,0,920
29,0,0,correct1,images/e02_1500-233.3.jpg,training,Nobz,NA,1492
29,0,0,correct1,images/e48_4000-766.7.jpg,training,Nobz,NA,3344
29,0,0,correct1,images/e49_4000-900.jpg,training,Nobz,NA,672
29,0,0,correct1,images/e30_3167-233.3.jpg,transfer,Nobz,0,961
29,0,0,correct1,images/e45_4000-366.7.jpg,transfer,Nobz,0,555
29,0,0,correct1,images/e12_1917-633.3.jpg,training,Grot,NA,4210
29,0,0,correct1,images/e33_3167-633.3.jpg,training,Nobz,NA,1516
29,0,0,correct1,images/e47_4000-633.3.jpg,training,Nobz,NA,500
29,0,0,correct1,images/e46_4000-500.jpg,neutral,Nobz,NA,468
29,0,0,correct1,images/e13_1917-766.7.jpg,training,Grot,NA,984
29,0,0,correct1,images/e14_1917-900.jpg,training,Grot,NA,688
29,0,0,correct1,images/e44_4000-233.3.jpg,transfer,Nobz,0,734
29,0,0,correct1,images/e07_1500-900.jpg,training,Grot,NA,890
29,0,0,correct1,images/e26_2750-633.3.jpg,neutral,Grot,NA,788
29,0,0,correct1,images/e01_1500-100.jpg,training,Nobz,NA,892
29,0,0,correct1,images/e24_2750-366.7.jpg,neutral,Nobz,NA,859
29,0,0,correct1,images/e18_2333-500.jpg,neutral,Nobz,NA,953
29,0,0,correct1,images/e27_2750-766.7.jpg,neutral,Nobz,NA,3766
29,0,0,correct1,images/e29_3167-100.jpg,transfer,Nobz,0,702
29,0,0,correct1,images/e20_2333-766.7.jpg,training,Grot,NA,1094
29,0,0,correct1,images/e39_3583-500.jpg,neutral,Nobz,NA,1030
29,0,0,correct1,images/e17_2333-366.7.jpg,training,Nobz,NA,618
29,0,0,correct1,images/e42_3583-900.jpg,training,Grot,NA,1014
29,0,0,correct1,images/e37_3583-233.3.jpg,transfer,Nobz,0,618
29,0,0,correct1,images/e15_2333-100.jpg,training,Nobz,NA,1014
29,0,0,correct1,images/e43_4000-100.jpg,transfer,Nobz,0,570
29,0,0,correct1,images/e09_1917-233.3.jpg,training,Nobz,NA,586
29,0,0,correct1,images/e34_3167-766.7.jpg,training,Nobz,NA,1460
29,0,0,correct1,images/e41_3583-766.7.jpg,training,Nobz,NA,462
29,0,0,correct1,images/e28_2750-900.jpg,neutral,Grot,NA,1398
29,0,0,correct1,images/e06_1500-766.7.jpg,training,Grot,NA,1172
29,0,0,correct1,images/e38_3583-366.7.jpg,transfer,Nobz,0,1195
29,0,0,correct1,images/e16_2333-233.3.jpg,training,Nobz,NA,867
29,0,0,correct1,images/e40_3583-633.3.jpg,training,Nobz,NA,4014
29,0,0,correct1,images/e23_2750-233.3.jpg,neutral,Nobz,NA,554
29,0,0,correct1,images/e11_1917-500.jpg,neutral,Nobz,NA,734
29,0,0,correct1,images/e05_1500-633.3.jpg,training,Grot,NA,868
29,0,0,correct1,images/e21_2333-900.jpg,training,Grot,NA,1148
29,0,0,correct1,images/e04_1500-500.jpg,neutral,Nobz,NA,1023
29,0,0,correct1,images/e10_1917-366.7.jpg,training,Nobz,NA,663
29,0,0,correct1,images/e19_2333-633.3.jpg,training,Nobz,NA,720
29,0,0,correct1,images/e32_3167-500.jpg,neutral,Nobz,NA,381
30,0,1,correct1,images/e34_3167-766.7.jpg,training,Nobz,NA,9401
30,0,1,correct1,images/e18_2333-500.jpg,neutral,Grot,NA,6487
30,0,1,correct1,images/e17_2333-366.7.jpg,training,Grot,NA,2242
30,0,1,correct1,images/e32_3167-500.jpg,neutral,Nobz,NA,2620
30,0,1,correct1,images/e20_2333-766.7.jpg,training,Grot,NA,1237
30,0,1,correct1,images/e23_2750-233.3.jpg,neutral,Nobz,NA,3368
30,0,1,correct1,images/e48_4000-766.7.jpg,training,Nobz,NA,1219
30,0,1,correct1,images/e06_1500-766.7.jpg,training,Grot,NA,970
30,0,1,correct1,images/e26_2750-633.3.jpg,neutral,Grot,NA,992
30,0,1,correct1,images/e31_3167-366.7.jpg,transfer,Grot,1,6057
30,0,1,correct1,images/e16_2333-233.3.jpg,training,Nobz,NA,1166
30,0,1,correct1,images/e02_1500-233.3.jpg,training,Nobz,NA,890
30,0,1,correct1,images/e08_1917-100.jpg,training,Nobz,NA,972
30,0,1,correct1,images/e04_1500-500.jpg,neutral,Grot,NA,1450
30,0,1,correct1,images/e28_2750-900.jpg,neutral,Grot,NA,1001
30,0,1,correct1,images/e37_3583-233.3.jpg,transfer,Grot,1,16859
30,0,1,correct1,images/e01_1500-100.jpg,training,Nobz,NA,1240
30,0,1,correct1,images/e49_4000-900.jpg,training,Nobz,NA,1438
30,0,1,correct1,images/e10_1917-366.7.jpg,training,Grot,NA,1293
30,0,1,correct1,images/e45_4000-366.7.jpg,transfer,Nobz,0,1416
30,0,1,correct1,images/e25_2750-500.jpg,neutral,Grot,NA,1257
30,0,1,correct1,images/e40_3583-633.3.jpg,training,Grot,NA,1012
30,0,1,correct1,images/e11_1917-500.jpg,neutral,Grot,NA,741
30,0,1,correct1,images/e29_3167-100.jpg,transfer,Nobz,0,1592
30,0,1,correct1,images/e14_1917-900.jpg,training,Grot,NA,829
30,0,1,correct1,images/e47_4000-633.3.jpg,training,Nobz,NA,1359
30,0,1,correct1,images/e30_3167-233.3.jpg,transfer,Grot,1,6776
30,0,1,correct1,images/e13_1917-766.7.jpg,training,Grot,NA,1763
30,0,1,correct1,images/e07_1500-900.jpg,training,Grot,NA,1238
30,0,1,correct1,images/e03_1500-366.7.jpg,training,Grot,NA,998
30,0,1,correct1,images/e27_2750-766.7.jpg,neutral,Grot,NA,731
30,0,1,correct1,images/e33_3167-633.3.jpg,training,Grot,NA,1177
30,0,1,correct1,images/e46_4000-500.jpg,neutral,Nobz,NA,978
30,0,1,correct1,images/e44_4000-233.3.jpg,transfer,Grot,1,1716
30,0,1,correct1,images/e15_2333-100.jpg,training,Nobz,NA,1692
30,0,1,correct1,images/e43_4000-100.jpg,transfer,Grot,1,1976
30,0,1,correct1,images/e39_3583-500.jpg,neutral,Nobz,NA,2944
30,0,1,correct1,images/e38_3583-366.7.jpg,transfer,Nobz,0,1151
30,0,1,correct1,images/e24_2750-366.7.jpg,neutral,Grot,NA,1654
30,0,1,correct1,images/e12_1917-633.3.jpg,training,Grot,NA,855
30,0,1,correct1,images/e35_3167-900.jpg,training,Grot,NA,943
30,0,1,correct1,images/e19_2333-633.3.jpg,training,Grot,NA,672
30,0,1,correct1,images/e36_3583-100.jpg,transfer,Nobz,0,2246
30,0,1,correct1,images/e41_3583-766.7.jpg,training,Grot,NA,1310
30,0,1,correct1,images/e42_3583-900.jpg,training,Grot,NA,1829
30,0,1,correct1,images/e21_2333-900.jpg,training,Grot,NA,718
30,0,1,correct1,images/e22_2750-100.jpg,neutral,Nobz,NA,1389
30,0,1,correct1,images/e05_1500-633.3.jpg,training,Grot,NA,1118
30,0,1,correct1,images/e09_1917-233.3.jpg,training,Nobz,NA,1528
